Top25perc,Room.Board,Grad.Rate,PhD_trans,Apps_trans_scaled,Top10perc_trans_scaled,F.Undergrad_trans_scaled,P.Undergrad_trans_scaled,Outstate_trans_scaled,Books_trans_scaled,Personal_trans_scaled,PhD_trans_scaled,Terminal_trans_scaled,S.F.Ratio_trans_scaled,perc.alumni_trans_scaled,Expend_trans_scaled,Accept_Rate_scaled,Outstate_Tier_Encoded_scaled,Private_Encoded_scaled
52,3300,60,2378.8185817845842,0.027794170542252482,-0.053119072030679164,0.4335994064806973,0.3001555111149251,-0.6934490715406573,-0.6142542984789047,1.2713984993834921,-0.29078845475452025,-0.28237352323745246,1.0179463816947247,-0.7227012651918747,-0.49118269843375684,-0.032372339112454566,-1.0987972149572356,0.6125530498969481
29,6450,56,410.6877741852075,0.2829202044206749,-0.5849046607537621,0.36538161940562885,0.8682389489526622,0.5562683365380878,1.3023649764046783,0.4565508868862346,-2.1792584156981274,-2.2481293668347866,-0.43508339754859504,-0.28448920152158647,0.5523622369819019,0.9061926295687938,0.3581403891754813,0.6125530498969481
50,3750,54,1366.4473002878658,-0.11391602631457269,-0.12094221917214974,-0.6367744332943974,-0.7272538841097254,0.32201070401890103,-1.0385747644227592,-0.06865514297677516,-1.2621836217050806,-1.0407110988557453,-0.2502164792374274,0.696881263144984,0.09639280596058719,0.14474993126166572,0.3581403891754813,0.6125530498969481
89,5450,59,4100.645683375967,-1.3327694509817887,1.6144757210802636,-1.5312067984905091,-0.9740319705249556,0.7039260224445798,-0.6142542984789047,-0.6517337337581389,1.3613470368188663,1.3645882269351624,-1.7418718980861345,1.0294623131395182,1.726997292492287,0.6122251618760879,0.3581403891754813,0.6125530498969481
44,4120,15,2802.3817071667036,-2.15304958766458,-0.5849046607537621,-2.5889009383551747,0.6254175275588529,-0.6567761844143083,1.5536080298286021,0.4565508868862346,0.11563079124223473,-0.6870519494859656,-0.5155706927336406,-3.1179783991407715,0.6370436045066592,0.06495494735718245,-1.0987972149572356,0.6125530498969481
62,3335,55,2729.389301911995,-0.9831669114228405,0.7690207208177242,-1.1550990508649248,-1.1985700260580425,0.817596785733177,-0.2291946039516519,-1.1697588648030377,0.045592781487855547,-0.6232192944825511,-1.22018114926161,-0.8534518760234878,0.3648514210769269,0.4699427534045053,0.3581403891754813,0.6125530498969481
45,5720,63,3924.9469571113714,-1.5063000160279127,-0.4994689411839057,-1.8150655120615597,-0.2364992154928749,0.7737527961030578,-0.2291946039516519,0.4565508868862346,1.1927597836517578,0.9692990979140862,-0.6241261617099947,0.47121122188858366,0.13304593063730483,1.4709627437747088,0.3581403891754813,0.6125530498969481
68,4826,73,3838.5344321060197,0.15310561817763538,0.7226458157909562,-0.15706162447411603,-1.323847012672887,0.893359908024116,-0.6142542984789047,-0.7100928488101287,1.109844838622803,1.6789026453905742,-0.043655143285563025,1.0294623131395182,0.7502823344555293,1.0802869864699451,0.3581403891754813,0.6125530498969481
63,4400,80,3027.1136463166717,-0.41935890159128253,0.3687770077049723,-0.7104745655794537,-0.06079782059427027,1.2322935057020183,-2.048308048513365,-1.7565250579131293,0.33126661926272183,0.17590711389826053,-0.6789541283407586,0.2788113855351543,0.7802351502105349,0.4173714627910875,1.8150779933081982,0.6125530498969481
44,3380,52,779.8226527031046,-0.9918073458047852,-0.1910995085854955,-0.9486144612853745,-0.8587961830100914,0.13456411411234906,0.8108421980583805,0.8415717373961816,-1.8250644124713284,-2.0259049331637793,-0.6241261617099947,-0.3835201634208818,0.17002953770072857,0.7396977547397244,0.3581403891754813,0.6125530498969481
75,5406,73,3260.475653239477,0.06748238366850189,0.7226458157909562,-0.012674055439693757,-0.6681269626758217,1.4088462913452764,-0.2291946039516519,-1.4016057556008417,0.5551832097645348,0.5124477851823425,-0.6789541283407586,0.7487430981377603,0.6391260070100195,0.5157537502634537,1.8150779933081982,0.6125530498969481
77,4440,76,2586.2824466747024,0.459000382681299,1.0296888476949617,-0.08489100248516802,-1.1623087972167596,1.5045123674303469,-1.0385747644227592,-1.4016057556008417,-0.09172176908837011,0.7816568116943878,-1.0739217798372556,1.1929497028195202,0.7928286551963845,-0.20738347780626848,1.8150779933081982,0.6125530498969481
64,4785,74,1749.6764327700098,-0.29654226039655907,0.7690207208177242,-0.5364055790483299,0.4148380667121805,-0.061289944401662744,0.4496014388117547,-0.38127720177114266,-0.8944658348300512,0.17590711389826053,-0.14633148248231995,0.13667737956055104,-0.15522989657869318,-0.5805764736347528,0.3581403891754813,0.6125530498969481
73,4552,68,3027.1136463166717,-0.22763264605805186,1.0296888476949617,-0.3733069128542516,-1.3900837948934837,0.6203160478629941,-1.0385747644227592,-2.1844360205206956,0.33126661926272183,0.4259346495311623,0.35589122750062535,0.7990089285165864,0.2560513072365705,0.7175029449852314,0.3581403891754813,0.6125530498969481
46,3640,55,632.0813813557033,-1.1584349762053046,-0.053119072030679164,-0.36401391094908286,0.872893115472483,-0.4238386292670067,0.7526774067369608,1.5036970035839818,-1.9668257993943357,-0.8700943318940553,-0.7341609556836695,0.47121122188858366,-0.09264109665666519,-0.7708663600093951,-1.0987972149572356,0.6125530498969481
22,4780,69,2951.2439766727193,-0.11923450915941827,-1.3330274833513371,-0.6572622589402508,-0.10067963175366583,-0.3260722857638828,-0.6142542984789047,0.31220519615957604,0.25846780349494175,0.17590711389826053,0.20805976907672294,-0.019012808716357025,-0.3666623052432123,0.15502838090331927,-1.0987972149572356,0.6125530498969481
96,5300,100,2729.389301911995,0.8890995965125372,2.2780860366648286,-0.15772790585019517,-2.1706909080364514,1.958821970010619,0.8108421980583805,0.589610906138956,0.045592781487855547,1.467641878959388,-1.5221214688076337,1.8810063596964015,1.921528660450019,-3.512278049067009,1.8150779933081982,0.6125530498969481
40,3520,59,1121.5663249477461,-0.26691812656526537,-0.3392340437249904,-0.018888304447196087,-0.11376894624033462,0.04316040253595542,0.12366360001576755,-0.18659120673062196,-1.4971529459749755,-1.2983753500580535,-0.4618260387652622,-0.488944521318963,-0.13692440314021118,-0.0014773287692968597,0.3581403891754813,0.6125530498969481
23,3090,46,1867.8210365112095,-0.33734706741628784,-0.7684736752694478,-0.1624061960324376,-0.02115914000686885,0.016933326759192444,2.0175449906937217,0.18968183158858168,-0.7811031790800594,-1.0407110988557453,-0.6241261617099947,-0.10280094841912382,0.6341232956603398,-0.8429325116318768,0.3581403891754813,0.6125530498969481
54,3592,34,1749.6764327700098,0.7175926868986038,0.012544204192919739,0.7676884667409246,1.0193220410253423,-1.4912463226655415,-0.2291946039516519,1.066451766681205,-0.8944658348300512,-1.2494530951634284,2.1082507547381426,-1.9857151375821298,-2.3924526873218346,-1.2357963684675608,-1.0987972149572356,-1.6325116659989423
44,3336,48,2311.5834229273605,-0.7881977335472875,0.07620224590010687,-1.092794678079059,-1.4860814376784817,1.209754325500277,-1.0385747644227592,-0.18659120673062196,-0.3553022448597683,0.01703484187169807,-0.6789541283407586,0.9411429344911897,2.8359956859131503,1.2253721686672496,1.8150779933081982,0.6125530498969481
63,2540,70,3340.1803447267753,1.3437272780440968,-0.2637884142137955,1.4439439767799103,0.7474276315958315,-0.8939510962294311,-5.699556150931114,1.066451766681205,0.6316618234008086,1.2632379969775114,1.0636508731902279,-0.488944521318963,-1.0519687050520372,-0.7425339967163727,-1.0987972149572356,-1.6325116659989423
51,4124,65,1471.1339434283407,-0.9296724983030674,-0.2637884142137955,-0.42124755421152005,0.5395560299649554,0.31216472861049205,-1.5119094043589478,0.6119203357285081,-1.1617342104568764,-1.094880026424442,-0.3026284436876273,0.4095619963667674,-0.6885530095696396,0.5895880059066398,0.3581403891754813,0.6125530498969481
49,4850,48,3753.0799103562254,1.8053048750382341,0.012544204192919739,1.9783596156465513,2.297115337082717,-0.6952928841954168,1.0360807080301793,1.171185067061469,1.0278491213014884,0.9692990979140862,1.1996123641074883,-1.9857151375821298,-1.8724588424063098,0.39330153654403927,-1.0987972149572356,-1.6325116659989423
74,3922,54,3027.1136463166717,-0.7952056021137317,1.1106782881401172,-1.4790166841604393,-0.37689610893187386,-0.34162914293415475,-0.2291946039516519,-0.8317407990918487,0.33126661926272183,0.5124477851823425,-0.32895477682173246,0.34549454598816776,1.2454681517793549,-1.871830079986632,-1.0987972149572356,0.6125530498969481
52,2650,48,1579.6670366204157,0.06855942366930087,-0.9727316677869278,0.6355953858538823,0.6792289379186931,-2.2324617327877823,-0.6142542984789047,-0.38127720177114266,-1.057594035693021,-1.3460179845367914,1.3561294433902287,-1.9857151375821298,-1.7666101753091932,1.7018576991796808,-1.0987972149572356,-1.6325116659989423
59,5920,88,4189.931720186165,0.26123962574723714,-0.053119072030679164,-0.08427854063618628,0.4666461901064971,0.49390607097335004,-0.2291946039516519,-1.7565250579131293,1.4470191871641125,0.9692990979140862,-0.018169123018266124,0.696881263144984,-0.4671388486143458,0.3355246525831801,0.3581403891754813,0.6125530498969481
57,3933,69,3502.4652151653872,1.3702785934047195,0.07620224590010687,1.7758025973961926,1.1124020592964763,-1.0629709897256059,0.4496014388117547,0.9657230697457871,0.7873781516832565,0.7816568116943878,0.6923240937679691,-0.10280094841912382,-0.6623477640253405,1.0392600991794334,-1.0987972149572356,-1.6325116659989423
30,4372,58,2052.2429896634862,-0.8622838786335921,-0.9727316677869278,0.11449793484123197,0.502111266263199,0.4718535875829905,0.05539420530459672,-0.4854840926797661,-0.6041457749675595,-1.094880026424442,-0.27638263533977875,0.7487430981377603,-0.19103172876789828,0.19044222201896147,0.3581403891754813,0.6125530498969481
69,4173,71,2951.2439766727193,0.14328635277136295,0.675328745331237,0.05229420487314884,-1.2373062479710122,0.7869534898148401,0.05539420530459672,-0.7798144878972988,0.25846780349494175,0.09569733284866454,-0.3026284436876273,1.1535860970634626,0.23321172569719256,0.9214152171455692,0.3581403891754813,0.6125530498969481
58,3244,69,2115.6378454067035,-0.7234886416365378,-0.1910995085854955,-0.3473575074707333,-0.07314506384833197,0.26066610660468426,0.4496014388117547,-0.33894274637344624,-0.5433168502400174,-0.8104772611976783,-0.9305096236198235,0.696881263144984,-0.5622343980249318,1.3996816360153455,0.3581403891754813,0.6125530498969481
74,4342,71,3181.7295782263,-0.5075090324304683,0.9459121453121655,-0.5465906523231704,-1.6883580068917186,0.32902876832268085,-1.0385747644227592,-0.09532026038541107,0.47962441223420943,1.1635803366973685,-0.22412911897517096,0.8477740600370556,0.7257832507645184,0.6451598036797981,0.3581403891754813,0.6125530498969481
40,4135,48,1692.045506602899,-0.9167620943759427,-0.5849046607537621,-0.9832004951644471,0.3013831459239031,-0.001074826464552071,1.3023649764046783,0.23641393781517428,-0.9497641272340495,-0.9851988400469104,1.9615837552373678,-0.8534518760234878,-0.7165006291979146,0.9511964327113076,0.3581403891754813,0.6125530498969481
47,4100,65,1635.37566510348,-0.957711737706359,-0.1910995085854955,-0.7288823297174306,0.20724118805424357,-0.3483166376790663,-1.0385747644227592,1.3199334198128518,-1.0041402352396067,-0.9283307329438812,-0.7619093999483375,0.13667737956055104,-0.9036897818932241,0.3768326308712091,-1.0987972149572356,0.6125530498969481
61,4410,85,2245.308173989908,0.04455113927364109,0.3687770077049723,0.3776414704782418,0.9937885450977617,0.2618547522692284,2.4385556153715937,-0.38127720177114266,-0.4188949777661247,-0.5579571392876599,0.9028169700855416,0.060686441260878146,-0.10617250445471191,0.4173637074421859,0.3581403891754813,0.6125530498969481
36,4300,71,1579.6670366204157,-1.8261859838092964,-0.6744109272506593,-1.6948013186411106,-0.14762845649391362,-0.061289944401662744,-0.2291946039516519,-1.7565250579131293,-1.057594035693021,-0.35347352257287784,-1.1320725358242631,0.9411429344911897,0.2645665459976302,-0.07683547168872246,0.3581403891754813,0.6125530498969481
85,6206,79,4650.725431558118,0.15845903736761868,1.2651043449994013,-0.6735049516794012,-1.6883580068917186,1.87793808381642,1.3023649764046783,-0.9606431574678065,1.889162096953259,1.467641878959388,-0.9305096236198235,0.696881263144984,1.150582615517194,-2.09635990984827,1.8150779933081982,0.6125530498969481
95,8124,91,3340.1803447267753,0.4040257607211175,1.3749937779595973,0.1369006235566917,-0.925244514156253,1.6526907612293125,0.4496014388117547,-0.7100928488101287,0.6316618234008086,0.9692990979140862,-0.9589736432806009,0.8477740600370556,0.9466907792604569,-1.2599820566031195,1.8150779933081982,0.6125530498969481
45,5360,72,2802.3817071667036,-0.46530313225490594,-0.41769469988544683,-0.02343660070007725,1.5741815572673292,0.33136539791935343,0.4496014388117547,0.8415717373961816,0.11563079124223473,-0.28237352323745246,-0.32895477682173246,-0.8534518760234878,0.19598482610711043,0.30604530939689767,0.3581403891754813,0.6125530498969481
66,3920,72,2447.013542674721,1.1867954473128406,0.5776799288914052,1.4424396563129227,0.23194512481235613,-1.0119640772693326,0.4496014388117547,0.2302388759572927,-0.2253537109704769,-0.4230962065588109,1.109161442390268,1.0718935453228027,-0.3107758058606938,0.9085560258813842,-1.0987972149572356,0.6125530498969481
56,5400,73,2951.2439766727193,-0.3096630155647852,-0.053119072030679164,-0.833370321592488,0.2776982439626942,0.6803911120003983,-1.0385747644227592,-0.8317407990918487,0.25846780349494175,0.6005650532112241,-0.43508339754859504,0.696881263144984,0.15958778625130116,-0.1092398336151793,0.3581403891754813,0.6125530498969481
63,2950,84,2657.356181551054,-0.6654593239812809,0.8144962912549331,-0.46994019984940544,0.3792880943109691,-0.2874658280935898,1.3023649764046783,0.14195578669882095,-0.023524770795469573,0.01703484187169807,-0.1981197138629203,0.7487430981377603,-0.6507148514205461,0.8785608716883411,0.3581403891754813,0.6125530498969481
36,4850,52,2951.2439766727193,-0.9087825139784368,-0.4994689411839057,-1.098144853736447,-0.5687111330584819,-0.2438328726773592,-2.048308048513365,1.5310702281670878,0.25846780349494175,0.25767565625110594,-0.17218743851993448,-0.9955858819980911,-0.2933824340998798,0.23616110930551232,0.3581403891754813,0.6125530498969481
67,3664,49,1808.268317430297,-0.2637735819470627,0.2564541555541443,0.05955546209244588,0.398889570751312,-0.5845619581984869,0.7526774067369608,-0.5948985251698033,-0.8382454790951654,-1.2983753500580535,-0.7341609556836695,-0.019012808716357025,-0.2699645858179488,0.3498620405629711,-1.0987972149572356,0.6125530498969481
54,3616,69,2729.389301911995,-0.18856465956975318,0.13799295441079093,-0.5831309871770871,-0.8381790084362992,1.3642928024927294,-1.4620140067894487,-1.0556986655376748,0.045592781487855547,1.1635803366973685,-0.7341609556836695,0.47121122188858366,1.0084419148859107,-0.32436931824763443,1.8150779933081982,0.6125530498969481
36,2700,46,1579.6670366204157,-0.2732406406363953,-0.9727316677869278,0.6819176384241512,0.5887221256003545,-1.781279641101148,0.8108421980583805,0.8415717373961816,-1.057594035693021,-1.2494530951634284,1.3561294433902287,-0.28448920152158647,-2.6578353535574277,-0.14240146751948335,-1.0987972149572356,-1.6325116659989423
24,3850,58,2729.389301911995,-0.9087825139784368,-0.7684736752694478,-1.1107366395715648,0.25452777986226477,-0.09761998875753103,-1.5119094043589478,-3.062920596744526,0.045592781487855547,0.17590711389826053,0.0578612934555406,-0.10280094841912382,-1.0152189069534967,1.5923146748623527,0.3581403891754813,0.6125530498969481
53,4100,55,597.5575564186181,-1.1080463869533939,0.07620224590010687,-1.6825201948308235,-2.5348043450754973,2.2629566246673223,0.4496014388117547,-1.7565250579131293,-1.9999522593221113,-1.392393977623881,-1.0162263078285314,0.8477740600370556,1.4633422065399033,-0.794983454211281,1.8150779933081982,0.6125530498969481
60,5510,82,3668.583476425201,0.6988613218762781,-0.2637884142137955,0.49860637000018987,1.029409853917204,0.8794605502331131,0.6339700077405097,-0.7100928488101287,0.9467727128282987,0.4259346495311623,0.8796391417393972,0.060686441260878146,0.6409976588717751,-0.5080160334240953,0.3581403891754813,0.6125530498969481
68,3940,63,3103.942211573207,0.1328547136242795,0.7226458157909562,-0.13991503047067838,-1.106552791365331,-0.5108746975091973,-1.5119094043589478,1.4370347749246752,0.404985518976676,-0.1356944211524122,0.5973594417391935,-0.1911203270674524,0.5488289868373689,-0.6106383516830006,-1.0987972149572356,0.6125530498969481
41,3363,48,1867.8210365112095,-0.5825186966500844,-0.5849046607537621,-1.1035226954130717,-0.9825675695179338,-0.3150004769714215,0.12366360001576755,0.720306207993199,-0.7811031790800594,-0.9283307329438812,-0.5968513856813783,0.643318740239679,-0.23255110106695637,1.2411279287757164,-1.0987972149572356,0.6125530498969481
42,3580,56,1808.268317430297,-2.1032305933244038,-0.3392340437249904,-1.4613146071722953,-0.7160770609235252,-0.3706970294107873,-0.2291946039516519,0.31220519615957604,-0.8382454790951654,-0.1356944211524122,-1.3997522503124076,0.7990089285165864,-0.02906368632803433,1.1153271407249636,-1.0987972149572356,0.6125530498969481
28,2900,35,1928.3344679735446,-1.1420185183626765,-1.0845174670653988,-2.078637735883977,-0.8874268200608982,-1.097420398630377,0.4496014388117547,-0.8317407990918487,-0.7230390518843525,-1.199238322126377,-0.5696679334896119,-0.601645107695158,-0.26669579069769817,0.12252653810695363,-1.0987972149572356,0.6125530498969481
30,3396,58,1121.5663249477461,0.019862731360734933,-0.9727316677869278,0.1401853966530453,-0.8314593967701944,-1.468582119341377,0.7526774067369608,1.5485627320659785,-1.4971529459749755,-1.8227310098814986,-0.018169123018266124,-1.1512760702749985,-0.585373912788788,-0.3283078312388014,-1.0987972149572356,0.6125530498969481
88,4325,72,2657.356181551054,-0.6679077542812667,1.8339863950842885,-0.3157343147978096,-0.30009653988082174,0.4168816091088187,-1.0385747644227592,-0.5948985251698033,-0.023524770795469573,-0.20978440474634713,0.03258838544133381,0.8951255085680089,0.07090393487116542,-0.11218972375194472,0.3581403891754813,0.6125530498969481
55,2700,51,2802.3817071667036,-1.146096183289999,0.07620224590010687,-1.7980667168378366,-1.4079726500278762,-0.9951351141622933,-0.2291946039516519,-0.38127720177114266,0.11563079124223473,-0.4230962065588109,0.10819887684225446,1.6034744834472257,-0.012353858488955588,-0.5096802992566043,-1.0987972149572356,0.6125530498969481
55,2948,75,2729.389301911995,1.2790783538152775,-0.6744109272506593,1.0437985490156891,0.6844093815412561,-0.5714816336528199,-0.2291946039516519,0.6952627029457149,0.045592781487855547,-0.9283307329438812,0.995020485992735,-0.019012808716357025,-0.49118269843375684,-2.039725437615475,-1.0987972149572356,-1.6325116659989423
30,4350,53,1808.268317430297,-1.4375425749292852,-0.6744109272506593,-1.2033929563374504,-0.5775343946618573,-0.7837089911468502,-0.6142542984789047,0.4565508868862346,-0.8382454790951654,-0.9851988400469104,0.9490194931800552,-2.6480466865381658,-0.842263487325053,1.3786509704998542,-1.0987972149572356,0.6125530498969481
50,3990,58,2802.3817071667036,-0.8179928307605433,-0.2637884142137955,-1.0107540532780923,-0.8381790084362992,-0.007435867506012867,-1.0385747644227592,-0.5948985251698033,0.11563079124223473,-0.7494672137091747,-0.14633148248231995,-0.019012808716357025,0.19293625552656662,-0.02825088508005347,0.3581403891754813,0.6125530498969481
80,6810,72,3103.942211573207,2.1665139084615825,1.0705183742130722,1.7225095835120228,1.566400034084339,1.7371004827258412,-0.41730816701513446,-0.3309705579009971,0.404985518976676,-0.060091883356808096,-0.5155706927336406,-0.28448920152158647,1.5149199449563813,-0.699015309415438,1.8150779933081982,0.6125530498969481
100,5885,96,4189.931720186165,0.6702093992787636,2.092417481864056,-0.2292230589851523,-1.9707317600173162,1.839303693574466,4.09895898173997,-0.6517337337581389,1.4470191871641125,1.2632379969775114,-0.7065095991630403,1.5729406861767377,1.8468697924441353,-3.0154054508501797,1.8150779933081982,0.6125530498969481
45,3352,67,3181.7295782263,1.5396129266227716,-0.7684736752694478,1.6642175111317756,0.8600279544133582,-0.6897643746874383,0.4496014388117547,0.720306207993199,0.47962441223420943,0.6005650532112241,1.6843804232693957,-0.488944521318963,-0.5423215742328643,0.3111597547912219,-1.0987972149572356,-1.6325116659989423
36,6270,46,1579.6670366204157,-1.2702953316648333,-1.9916231295773121,-1.6948013186411106,-1.1862246672296413,0.9364079032146706,-0.2291946039516519,-0.5948985251698033,-1.057594035693021,-0.1356944211524122,-0.9875453814266576,0.13667737956055104,1.348917944145591,-0.013650259089188311,0.3581403891754813,0.6125530498969481
58,4440,85,2729.389301911995,0.7725344589798313,0.3687770077049723,0.83434025099358,0.4200791863579125,0.23203139392723884,5.355379168407231,0.4871077983874889,0.045592781487855547,-0.060091883356808096,0.1332649014169342,0.13667737956055104,-0.24936222050965934,1.0840392376190466,0.3581403891754813,0.6125530498969481
77,6750,84,3924.9469571113714,0.8651990102831763,1.1890885687490678,0.4119680489873813,-0.9825675695179338,1.896975944257963,-0.9501505503982629,-0.38127720177114266,1.1927597836517578,1.3645882269351624,-1.102939443941877,0.34549454598816776,1.5480135052741835,-0.6234180362101066,1.8150779933081982,0.6125530498969481
41,5879,49,2447.013542674721,-1.4656042175278037,-0.9727316677869278,-0.7810443837135085,0.2251671013717651,-0.0866844460919116,-0.2291946039516519,-1.09776212520345,-0.2253537109704769,-0.1356944211524122,-0.043655143285563025,-0.7227012651918747,-1.0082672446913603,-0.0022699379670338736,0.3581403891754813,0.6125530498969481
26,2370,18,1867.8210365112095,-0.10862941139826779,-1.204141438433242,-0.36149586633264524,0.5870496469262879,-1.8047132906922128,-0.2291946039516519,1.066451766681205,-0.7811031790800594,-1.2494530951634284,-0.32895477682173246,-0.9955858819980911,-1.6480951708121516,0.7361816506318815,-1.0987972149572356,0.6125530498969481
44,3597,58,741.4408411839822,-1.3969133379514647,-0.5849046607537621,-1.0475479310975058,0.15513897741571556,0.08316552390396748,0.4496014388117547,0.4565508868862346,-1.8618927054997134,-1.0407110988557453,-0.1981197138629203,0.47121122188858366,-0.019270165157907596,1.0100077259975677,0.3581403891754813,0.6125530498969481
53,4725,82,2729.389301911995,-0.628319906264202,-0.12094221917214974,-0.8292454849789069,-1.0460501389834256,0.084409058563265,0.19086001172443917,-0.6517337337581389,0.045592781487855547,-0.6232192944825511,-0.17218743851993448,0.34549454598816776,0.072694895888684,0.3821183120083568,0.3581403891754813,0.6125530498969481
82,3580,33,2802.3817071667036,1.3496805539388923,1.1890885687490678,2.090124047935184,0.8832664435062872,-2.87582633994978,1.837638387681267,0.026470901546871033,0.11563079124223473,-0.4230962065588109,1.554206057028963,1.1535860970634626,-0.16342743253500772,-0.09154933203745326,-1.0987972149572356,0.6125530498969481
95,5926,97,4745.756330973894,1.7911253315794537,2.379000709104455,1.015322642227296,0.021801912305271596,1.9211572534797512,1.14452306768254,-0.18659120673062196,1.9803465843944406,1.6789026453905742,-1.773888167063639,1.113250452842285,1.846315090312397,-3.330255374698259,1.8150779933081982,0.6125530498969481
95,6750,89,4841.744437116298,-0.08972687212285937,1.9518471386888567,-0.579943006792985,-1.658361763019646,1.6937169402895762,-0.2291946039516519,-0.007652219826546156,2.072449535254145,1.6789026453905742,-0.4084259016153431,1.4777578075468099,1.578668975404604,-1.3198265587657974,1.8150779933081982,0.6125530498969481
85,4750,93,4371.376736751873,1.250490944624776,1.2273850455284772,0.5614530302964561,-1.3396748933878242,1.759065856055431,1.5536080298286021,-0.007652219826546156,1.6211201473361683,1.3645882269351624,0.0830645638304953,0.9858994490492295,1.1187099133306053,-1.1197426097672865,1.8150779933081982,0.6125530498969481
70,3797,78,1867.8210365112095,-0.602846206685355,0.4756588429698257,0.04075430941373802,0.1729293238518454,0.7771092410121854,-0.6142542984789047,-0.4854840926797661,-0.7811031790800594,-0.8700943318940553,-1.3997522503124076,-0.9955858819980911,-0.806197279148967,0.36101334232503157,0.3581403891754813,0.6125530498969481
68,4650,83,2876.3332980671166,0.35377640975641345,0.8591123720558882,0.33807575570227816,-0.4982584079537135,0.7400414030092266,-0.2291946039516519,0.5922469197789686,0.18658916323670852,-0.060091883356808096,-0.7897561601567338,0.643318740239679,0.3100924077001191,0.7855087473351297,0.3581403891754813,0.6125530498969481
28,6250,71,1692.045506602899,-0.9627479374787369,-1.4730544512765091,-0.6379012285170879,0.1787627805838344,0.14681933353138032,-2.048308048513365,-2.7257704669587155,-0.9497641272340495,-0.4230962065588109,0.6449537276656453,0.9858994490492295,-0.46026806871072845,0.5290833795668957,0.3581403891754813,0.6125530498969481
42,4600,55,3668.583476425201,-0.444914832611055,-0.4994689411839057,-1.1271528263354789,0.6246208735534577,-0.27104314076609054,-0.8209747620312199,-0.38127720177114266,0.9467727128282987,1.2632379969775114,0.007245147886748601,0.4095619963667674,-0.1613744579731098,-1.0169390083481804,0.3581403891754813,0.6125530498969481
52,5300,60,2516.1681992532613,-1.0253830501368706,-0.053119072030679164,-0.2759914391812374,0.1581348585178636,0.7017919204959063,0.524292089495936,-1.4814896984440749,-0.15899811554781332,-0.5579571392876599,-0.3818525909118415,-0.1911203270674524,0.16834078692165713,-2.0965117284135446,0.3581403891754813,0.6125530498969481
73,4877,59,2516.1681992532613,1.39896157693983,1.1501937769220463,1.6246892933412624,0.9653575739583252,-0.7119313609652208,0.524292089495936,1.161950346858785,-0.15899811554781332,-0.060091883356808096,1.4004471709358843,-0.601645107695158,0.011324884884015073,-1.7567460650794124,-1.0987972149572356,-1.6325116659989423
60,4368,61,3924.9469571113714,0.9360433396990516,-1.9916231295773121,1.6542059610878723,0.88383879346298,-0.6126695683392136,0.4496014388117547,0.9857796287851013,1.1927597836517578,0.6902976719925955,1.7059353653945974,-1.3233835886260938,-0.40033092882002924,-0.14541295664005874,-1.0987972149572356,-1.6325116659989423
56,3710,81,2729.389301911995,0.09506067768965541,0.3133361961439693,0.5842787509954999,-0.5471730267600209,0.07569594286834247,-1.0385747644227592,0.009474619732120822,0.045592781487855547,-0.060091883356808096,0.23285911133526874,1.1929497028195202,-0.20850617036806604,0.6843510875872699,0.3581403891754813,0.6125530498969481
54,2790,63,2876.3332980671166,0.24032072688163889,-0.2637884142137955,0.5265573908214919,0.8547042417087158,-0.6598175891537094,0.4496014388117547,-1.7565250579131293,0.18658916323670852,-0.35347352257287784,1.8344440104278008,0.8951255085680089,-2.671950574810418,-0.7165326189339857,-1.0987972149572356,0.6125530498969481
55,3070,49,1867.8210365112095,-0.6166530934911117,0.07620224590010687,-0.7578008556512423,-0.3704128641720285,-1.1462683370580748,0.4496014388117547,0.15797762173098692,-0.7811031790800594,-1.0407110988557453,0.9259436201670271,-0.601645107695158,-1.3209395744714785,-0.37215844829040096,-1.0987972149572356,0.6125530498969481
34,5340,64,3924.9469571113714,0.5249273189467978,-0.5849046607537621,0.4630769492698839,0.16111826630539056,0.20318825005073013,-1.0385747644227592,-0.13137917435120128,1.1927597836517578,0.8746535950171559,0.18319470580243435,0.47121122188858366,-0.14435910867888582,0.1478604890855732,0.3581403891754813,0.6125530498969481
66,4000,83,1989.8084917461094,0.07552786174446444,0.5776799288914052,-0.11291342235414786,0.6946674556874309,0.7230844371695309,-0.2291946039516519,-0.8317407990918487,-0.6640532127193101,-0.8700943318940553,-0.4618260387652622,0.5306181538634841,0.3219138639315185,0.30027162076363334,0.3581403891754813,0.6125530498969481
52,2812,52,48.79932108612089,-2.8904514673195227,-1.204141438433242,-2.3931913503392033,-0.01159251633041347,-0.4101964618018934,-2.048308048513365,1.2057442275076526,-2.526499295344521,-1.7549633934685398,-0.4618260387652622,0.34549454598816776,-0.1430049917869522,1.0412427498106844,-1.0987972149572356,0.6125530498969481
93,3957,91,3181.7295782263,0.47320946184634827,2.0648660712522746,0.009545198981380886,-1.7906089740186033,1.8825403099845799,0.12366360001576755,-1.5715860927236946,0.47962441223420943,0.9692990979140862,-0.9305096236198235,1.8025827916211208,1.629227550028525,-1.0938796962541568,1.8150779933081982,0.6125530498969481
89,5690,74,3585.045215850244,1.4914315389773471,1.6144757210802636,0.7829020843937382,-0.09208974967983123,1.648206037169157,-0.6142542984789047,0.07669669114387034,0.8666156952783766,0.9692990979140862,-1.2795288599936459,0.7487430981377603,2.119035540808053,-1.0273467246948385,1.8150779933081982,0.6125530498969481
55,3880,79,2657.356181551054,-0.3121447080494852,-0.3392340437249904,-0.33100208097937345,0.5123408454749714,0.538546706109194,-0.37900648471193404,-0.5285949292479319,-0.023524770795469573,-0.060091883356808096,0.9490194931800552,0.4095619963667674,-0.2511599874470662,0.7304482791491357,0.3581403891754813,0.6125530498969481
62,3150,67,1808.268317430297,-0.3667922933911218,0.19803987368047105,-0.0436273664495819,-0.21316481794747663,-0.4818208158084276,-1.0385747644227592,-1.7565250579131293,-0.8382454790951654,-1.2494530951634284,-0.06921364143108587,-0.28448920152158647,-0.6294214451007857,0.8215336163709752,-1.0987972149572356,0.6125530498969481
43,3775,62,2657.356181551054,0.0026203098488104533,-0.2637884142137955,-0.29291960698744207,0.3511732797563741,0.7389835842826059,-0.2291946039516519,0.15797762173098692,-0.023524770795469573,0.6005650532112241,0.5014836937996878,0.20928980457225407,-0.36321439786746845,0.9259068230464086,0.3581403891754813,0.6125530498969481
93,4730,67,4371.376736751873,0.7978939756724698,1.9518471386888567,0.48543997431306957,0.27005634226328334,1.2520873745932648,-0.0491042890162079,0.3999140298676009,1.6211201473361683,1.1635803366973685,-3.550324457241616,0.643318740239679,1.788735362496316,0.45645951144347224,1.8150779933081982,0.6125530498969481
22,4690,79,2729.389301911995,-0.23520038799810608,-1.3330274833513371,-0.18893997718757288,-0.08571688992271767,-0.6277122745785015,-1.0385747644227592,-1.09776212520345,0.045592781487855547,0.7816568116943878,0.20805976907672294,-1.3233835886260938,-0.8134553204387818,0.006016929190115975,-1.0987972149572356,-1.6325116659989423
34,4100,55,2729.389301911995,-0.37831063162533096,-0.8676768730139961,-0.7836612961375073,-0.844973801065171,-0.17134355406045979,0.4496014388117547,0.9113698004143922,0.045592781487855547,0.01703484187169807,-0.09484535878691201,0.5306181538634841,0.0026394733212608554,0.4464345790914661,0.3581403891754813,0.6125530498969481
49,6408,75,3924.9469571113714,0.07925709367934852,0.012544204192919739,0.15457554958110933,-0.2885928819247596,0.8614061931799917,-0.04205732086405128,-0.18659120673062196,1.1927597836517578,1.2632379969775114,-1.2497929358770419,-0.10280094841912382,0.9750488092760707,0.6006836808804094,0.3581403891754813,0.6125530498969481
35,4840,100,236.65113400338194,0.7910550476884719,-1.3330274833513371,-0.6665102013047233,-1.7906089740186033,-0.14115332886810525,0.4496014388117547,-1.7565250579131293,-2.346250856351914,-1.854952083311673,0.10819887684225446,0.060686441260878146,-0.24004288438780527,0.9894342714136745,0.3581403891754813,0.6125530498969481
58,5285,74,1635.37566510348,-0.7041618001642582,0.07620224590010687,-0.9610553969776796,0.5368781036420703,0.9886251869582499,-0.2291946039516519,-0.38127720177114266,-1.0041402352396067,0.09569733284866454,-0.5696679334896119,1.113250452842285,0.6451483961369353,0.24004471058144863,0.3581403891754813,0.6125530498969481
55,4410,64,1216.6318766065315,-0.19798955093710022,0.07620224590010687,0.1714247113007568,-0.8314593967701944,-0.7230681594635857,0.25701902020397893,-0.38127720177114266,-1.4059352088535653,-1.6826681864267155,0.35589122750062535,0.8951255085680089,-0.551192926453769,0.5920935695045492,-1.0987972149572356,0.6125530498969481
46,5400,24,819.1684713262836,-1.4599267852446853,-0.9727316677869278,-1.8856391729747426,0.2865138104912046,0.3569790488367371,-0.2291946039516519,-0.9342388053548695,-1.7873111308948664,0.25767565625110594,-1.1906916694765612,0.060686441260878146,0.3285568121058922,0.6707112839445158,0.3581403891754813,0.6125530498969481
55,3490,66,3585.045215850244,-1.156367382585749,0.6270233788095004,-0.9864037673793917,-1.1623087972167596,-0.2574130404925574,0.4496014388117547,0.956752752058499,0.8666156952783766,0.8746535950171559,-0.6789541283407586,0.4095619963667674,0.35435151159408024,0.8832096551423001,0.3581403891754813,0.6125530498969481
20,6643,47,31.105905715094828,-0.9593874737028972,-3.3612688093227097,-1.4918364333182481,-0.026962778119205975,0.31732516147642065,6.0530181682508815,-1.3372646172018097,-2.5434765629659943,-1.4375163915219222,-2.036203154870672,-2.2835393318336408,1.019285697495923,-0.5987779015149586,0.3581403891754813,0.6125530498969481
65,3660,67,2802.3817071667036,-0.21565654627162323,0.42285937607467217,-0.33262436134163803,-1.211189781762898,0.24828307838356609,0.7526774067369608,-1.4016057556008417,0.11563079124223473,0.6902976719925955,-0.09484535878691201,0.643318740239679,0.0085379902147928,0.8201549377128529,0.3581403891754813,0.6125530498969481
24,4444,49,2311.5834229273605,0.8593234112091819,-1.7978331880954055,1.1145356649136142,1.7413779548467743,-1.1809047034307898,-0.2291946039516519,-0.41202307052356546,-0.3553022448597683,-0.6232192944825511,0.6923240937679691,-2.2835393318336408,-1.6480951708121516,-0.9385880076186986,-1.0987972149572356,-1.6325116659989423
35,3288,50,2311.5834229273605,0.9626252995081624,-1.204141438433242,1.2945115470294177,1.0589431691000166,-1.698189396709275,-2.048308048513365,1.3199334198128518,-0.3553022448597683,-0.1356944211524122,1.3783101875984967,-2.2835393318336408,-1.2538849562609657,0.8786328999973011,-1.0987972149572356,-1.6325116659989423
65,3603,51,2179.9929444466234,0.5031971903602834,-1.4730544512765091,1.1282306812538572,0.6481684615279927,-0.7548184765600304,0.7760362517747464,0.33592952075740884,-0.481566548430211,0.6005650532112241,1.0179463816947247,-4.9125732096554495,-0.7679308655684332,-0.16900382616468737,-1.0987972149572356,-1.6325116659989423
29,3080,58,1867.8210365112095,-2.266945701516283,-1.4730544512765091,-0.6244665158021973,-1.308458762070803,-0.4386758937990879,0.4496014388117547,-1.4016057556008417,-0.7811031790800594,-1.2494530951634284,0.33141144399481504,-0.10280094841912382,-3.113453572771081,0.6268501222619529,-1.0987972149572356,0.6125530498969481
82,4270,74,4371.376736751873,-0.4429968284369269,1.4457068812376728,-0.747644815488662,-2.028489116527091,0.4601038015829847,0.4496014388117547,-0.5948985251698033,1.6211201473361683,1.572409762644023,-0.6514933665420364,1.8025827916211208,1.0339755894704985,0.8820972714552059,0.3581403891754813,0.6125530498969481
48,5895,47,2516.1681992532613,-0.49626404490017534,-0.053119072030679164,-0.11291342235414786,-0.2943199092245855,1.4226353908535947,0.4496014388117547,-0.18659120673062196,-0.15899811554781332,-0.1356944211524122,-0.27638263533977875,-1.7339083692537995,0.9653310656928504,0.38796716660496344,1.8150779933081982,0.6125530498969481
56,5230,52,4371.376736751873,-2.0505955623423007,0.2564541555541443,-1.6405464277573574,-0.4982584079537135,0.817596785733177,-1.0385747644227592,-0.7100928488101287,1.6211201473361683,1.467641878959388,-1.2497929358770419,1.0294623131395182,1.43290854052399,1.2401777652074315,0.3581403891754813,0.6125530498969481
64,5015,73,2447.013542674721,-1.5395091976309307,0.07620224590010687,-1.5100362848347857,-0.23124356768754165,0.10177691395341366,1.0360807080301793,-0.7100928488101287,-0.2253537109704769,-0.7494672137091747,-1.5530655010797432,0.643318740239679,-0.2286393685629645,-0.028825733310021237,0.3581403891754813,0.6125530498969481
71,3600,58,4100.645683375967,-3.134336470177072,0.5272445442404738,-3.5801190477343177,-2.3777403148239418,-0.31776530316597534,-1.0385747644227592,-0.8317407990918487,1.3613470368188663,0.8746535950171559,-1.2497929358770419,-0.1911203270674524,0.6370436045066592,0.9656617045345003,-1.0987972149572356,0.6125530498969481
42,3260,63,3181.7295782263,-0.5802877255931322,-0.5849046607537621,-0.6014014697757546,0.04846520513052674,-0.1633752172840885,0.4496014388117547,-0.5948985251698033,0.47962441223420943,-0.060091883356808096,-0.7341609556836695,0.34549454598816776,-0.09198372173213074,-1.0612845096904249,0.3581403891754813,0.6125530498969481
37,4750,48,2729.389301911995,-0.576951447389847,-2.4887995845903816,0.44163611843436634,1.1265120299043923,-0.5667371044636494,-0.0491042890162079,0.944361294176206,0.045592781487855547,0.01703484187169807,1.7059353653945974,-0.28448920152158647,-1.843397236919828,0.8201489333345998,-1.0987972149572356,-1.6325116659989423
47,2460,21,2311.5834229273605,-0.28280912822589055,-0.1910995085854955,-0.7276442458726137,-1.7541900886425583,-1.786903830420274,-0.2291946039516519,-0.38127720177114266,-0.3553022448597683,-0.8700943318940553,0.7394742565334033,0.7487430981377603,-0.47403504891383413,-1.1166087317951414,-1.0987972149572356,0.6125530498969481
93,6010,87,4745.756330973894,0.1338536389336368,1.9518471386888567,-0.8210469405406025,-2.789154165730728,1.4902527561246501,-0.2291946039516519,-0.7100928488101287,1.9803465843944406,1.572409762644023,-1.161322711796831,1.5729406861767377,1.6750172127554945,-2.2757898985198928,1.8150779933081982,0.6125530498969481
61,4200,79,4280.175431313631,0.5355849600909874,0.3687770077049723,0.04075430941373802,-0.08150079528244612,1.5786643424998181,-0.2291946039516519,-0.4854840926797661,1.5336102495926123,1.1635803366973685,-0.9021518863751777,0.9411429344911897,0.837042915729513,-0.22944557529154153,1.8150779933081982,0.6125530498969481
45,3676,74,2179.9929444466234,-1.2315379498332577,-0.7684736752694478,-1.3049380131993686,0.023611289917723172,0.20077512590340488,-1.5119094043589478,-0.5948985251698033,-0.481566548430211,-0.7494672137091747,-0.7619093999483375,0.5306181538634841,-0.14740970669691755,-0.05303934049232307,0.3581403891754813,0.6125530498969481
68,5580,77,4371.376736751873,0.2778680738960416,0.6270233788095004,0.2305067883580239,-1.065526666446129,1.300729305606375,1.0360807080301793,0.15797762173098692,1.6211201473361683,1.1635803366973685,0.47736869024981116,0.7990089285165864,0.7830642867453498,1.029978601388659,1.8150779933081982,0.6125530498969481
65,3610,73,3260.475653239477,1.4256960666119647,0.7226458157909562,1.561045391302674,0.5422245335870918,-0.4916727253520716,1.5536080298286021,0.6158347070057715,0.5551832097645348,0.5124477851823425,0.995020485992735,-0.1911203270674524,-0.2761552654652537,-0.6468901194795014,-1.0987972149572356,-1.6325116659989423
30,3689,46,2179.9929444466234,-0.8223283258418136,-0.6744109272506593,-0.5414843212497539,0.14302848656282782,-0.7780373645702803,0.4496014388117547,0.956752752058499,-0.481566548430211,-0.9851988400469104,1.0179463816947247,-1.1512760702749985,-2.02336001412118,0.4577658560167495,-1.0987972149572356,-1.6325116659989423
60,4390,67,2586.2824466747024,-0.44972770651766714,0.3133361961439693,-0.5394495289192723,-0.3059236890617404,0.9049763854520162,-0.2291946039516519,1.2713984993834921,-0.09172176908837011,0.3410143789166372,-0.3026284436876273,0.7990089285165864,0.46473766683990514,-0.06362290807356737,0.3581403891754813,0.6125530498969481
47,4502,75,1989.8084917461094,-0.9543692060010757,-0.6744109272506593,-1.1326827264257686,-0.25794229884583064,-0.010492915918669883,-1.0385747644227592,-0.38127720177114266,-0.6640532127193101,-0.35347352257287784,-0.4618260387652622,1.113250452842285,0.0981566530155247,0.009636562299330034,0.3581403891754813,0.6125530498969481
84,5590,91,3340.1803447267753,0.5233485340651239,1.5482723599064572,-0.07696291798306226,-1.2789032854925582,1.822698070132443,-0.2291946039516519,-0.38127720177114266,0.6316618234008086,1.0656043502924986,-0.9875453814266576,1.1929497028195202,1.416641000688538,-1.9304617052231974,1.8150779933081982,0.6125530498969481
75,5565,93,4371.376736751873,0.9944470370214228,1.1106782881401172,0.3532839310691485,-1.4456176595845187,1.91822272865028,-0.2291946039516519,-0.9606431574678065,1.6211201473361683,1.467641878959388,-0.9021518863751777,1.341553066130896,1.3619902426424022,-1.5900235578932915,1.8150779933081982,0.6125530498969481
58,5760,96,1524.9197517524358,-0.11126875844418854,0.3133361961439693,-0.5455671659013943,0.24398810214401248,0.22963581213625453,0.12366360001576755,-0.5948985251698033,-1.1101254032815964,-1.2494530951634284,-0.2502164792374274,0.2788113855351543,0.05741037916067402,-0.8626395582916185,0.3581403891754813,0.6125530498969481
55,3460,51,2586.2824466747024,0.9793288829315389,-0.12094221917214974,1.168200248743354,0.8523266270880502,-1.1252436803842232,0.8453735565907201,1.3824926166108347,-0.09172176908837011,-0.28237352323745246,0.8097944922590647,-0.10280094841912382,-1.7388292182536413,-0.6048782052698527,-1.0987972149572356,-1.6325116659989423
41,4430,100,1030.3513167712815,-0.6765289411554763,-0.7684736752694478,-0.5016046522210058,0.8711509956451351,-0.03298609131842826,-1.0385747644227592,-0.09532026038541107,-1.584675991833187,-1.886083615874445,-0.7341609556836695,0.9411429344911897,-0.554583455942255,0.2041684664135521,0.3581403891754813,0.6125530498969481
46,5770,83,2729.389301911995,-0.5095686092726219,-0.053119072030679164,-1.1017269914478576,0.1581348585178636,0.4465041895937315,-0.2291946039516519,-0.38127720177114266,0.045592781487855547,-0.35347352257287784,-0.5155706927336406,0.9411429344911897,0.4350125389199105,-0.4213223821404979,0.3581403891754813,0.6125530498969481
42,5520,43,2876.3332980671166,-1.533386692948354,-1.0845174670653988,-1.558246388907632,-0.01159251633041347,0.6264060545068413,0.6339700077405097,1.3199334198128518,0.18658916323670852,-0.1356944211524122,-0.9305096236198235,-1.515783424979524,0.37627138325947584,0.13954330267853982,0.3581403891754813,0.6125530498969481
61,5620,75,1989.8084917461094,-1.2382646745301187,0.6270233788095004,-1.1760763655527264,1.2201932091694032,0.3055872717085839,0.4496014388117547,-1.09776212520345,-0.6640532127193101,-1.1477182127095475,-0.6241261617099947,0.7990089285165864,-0.32047004302710796,0.21812051274380004,0.3581403891754813,0.6125530498969481
62,4221,72,2378.8185817845842,-0.5178538872860836,0.3133361961439693,-0.0800035102034036,-0.7050979406155996,0.5489673813859551,-0.2291946039516519,-1.4016057556008417,-0.29078845475452025,0.5124477851823425,-0.1981197138629203,0.47121122188858366,0.1290131548058799,1.1848306204739671,0.3581403891754813,0.6125530498969481
51,4440,77,1928.3344679735446,-1.1238821908088157,-0.053119072030679164,-0.0941307514072864,0.33024616355550596,0.5438711907586482,-0.6142542984789047,-0.38127720177114266,-0.7230390518843525,0.4259346495311623,-0.6241261617099947,0.7990089285165864,-0.3820654250634753,0.39029914851815145,0.3581403891754813,0.6125530498969481
53,5250,78,2245.308173989908,-1.2679716439570876,0.5776799288914052,-1.577569401517824,0.7004688394881605,0.2392094638614887,-1.2213597710573685,-0.38127720177114266,-0.4188949777661247,-0.8104772611976783,-0.6514933665420364,0.2788113855351543,0.29349768312781277,0.4192311744972265,0.3581403891754813,0.6125530498969481
57,5666,64,2115.6378454067035,-0.4722025014556156,-0.053119072030679164,-0.09042291532710994,0.6450701157281964,0.015414767758354089,1.5536080298286021,0.4565508868862346,-0.5433168502400174,-0.7494672137091747,0.10819887684225446,0.5879401964775927,-0.9302330411610731,-0.48598644888802983,0.3581403891754813,0.6125530498969481
42,4138,80,779.8226527031046,-1.0564713842461688,-0.5849046607537621,-0.8402833707891113,0.4607340329705107,0.29570076441891063,0.4496014388117547,-0.007652219826546156,-1.8250644124713284,-0.5579571392876599,0.03258838544133381,-1.515783424979524,0.1212077939598643,0.4880891657014718,0.3581403891754813,0.6125530498969481
21,4850,76,1366.4473002878658,-2.500719773127312,-0.9727316677869278,-2.9383956523232557,-0.40688940091514875,-0.4386758937990879,-0.6142542984789047,0.15797762173098692,-1.2621836217050806,-1.644788026270866,-1.1906916694765612,-0.019012808716357025,-0.5347505512109125,0.6118780883481089,-1.0987972149572356,0.6125530498969481
60,3696,72,1418.309746991305,-0.8472850332444387,0.3133361961439693,-0.33669286429548506,-0.1271125978628815,0.45874587891499813,-0.6142542984789047,-0.10248534139796428,-1.212420327353753,-0.4230962065588109,-0.5968513856813783,0.8477740600370556,0.17143550280776754,0.9521650893066104,0.3581403891754813,0.6125530498969481
95,6300,95,4100.645683375967,0.5682668677952474,1.9228546444162873,0.36255198158894364,-1.5075173179698154,1.6654316324864533,-1.0385747644227592,-0.5948985251698033,1.3613470368188663,1.2632379969775114,-0.6789541283407586,1.662881415422127,0.8705549437053133,-1.2389116702046843,1.8150779933081982,0.6125530498969481
88,4298,93,3838.5344321060197,1.320872580511,1.8639323064397797,0.9467081108511695,-0.5557012352251401,0.4305803870247933,0.4496014388117547,-0.8317407990918487,1.109844838622803,0.8746535950171559,-0.4618260387652622,0.7487430981377603,0.3160141321194013,-2.112165827001758,0.3581403891754813,-1.6325116659989423
65,4690,69,3420.8435619247275,0.24603682954884065,0.3133361961439693,-0.08673101533214603,-2.789154165730728,1.3525342105578795,-0.2291946039516519,-1.7565250579131293,0.7090601660532498,1.2632379969775114,-0.7341609556836695,1.2689406411191924,1.1854733498146888,1.0185684362278289,1.8150779933081982,0.6125530498969481
87,4190,84,3502.4652151653872,0.6297498590222451,1.4803479884652577,0.021520290421845334,-2.028489116527091,1.5155334155388727,-0.6142542984789047,-0.007652219826546156,0.7873781516832565,1.3645882269351624,-0.6789541283407586,1.5418252579254095,1.2567633181032165,-1.7358834217545338,1.8150779933081982,0.6125530498969481
65,4180,59,3668.583476425201,1.5596230735644896,0.3133361961439693,1.7510429714373625,1.1597468245537128,-0.4067939258333332,-0.4559627311617417,0.8415717373961816,0.9467727128282987,0.6005650532112241,1.2669625914791942,-0.9955858819980911,-0.18616967120843989,-0.550743820863166,-1.0987972149572356,-1.6325116659989423
28,3700,37,3668.583476425201,-1.6294967983676742,-1.204141438433242,-1.1326827264257686,2.002397256363111,-0.44039181156896395,-1.0385747644227592,-0.5948985251698033,0.9467727128282987,0.4259346495311623,0.35589122750062535,-3.1179783991407715,-1.5670561942488435,-1.6580115232056332,-1.0987972149572356,0.6125530498969481
67,3975,76,1808.268317430297,-0.7552779538873234,-0.1910995085854955,-0.7165718278770373,-0.21828095609480486,0.12399383168105445,-0.2291946039516519,0.4565508868862346,-0.8382454790951654,-0.35347352257287784,0.20805976907672294,0.8951255085680089,0.08399334252569952,0.5862181936499963,0.3581403891754813,0.6125530498969481
96,6664,99,4556.651814783072,1.276954243698065,2.1467210811345456,0.5776381223704762,-1.0460501389834256,1.7715240845656424,0.12366360001576755,-2.7257704669587155,1.7988961457720525,1.467641878959388,-2.3461430732055244,0.13667737956055104,2.435127958692417,-3.1375969968270514,1.8150779933081982,0.6125530498969481
29,3750,45,2311.5834229273605,-1.7473149216250075,-0.8676768730139961,-0.6222456463585617,-0.3801618437296193,0.1424118724317926,-0.6142542984789047,-0.4854840926797661,-0.3553022448597683,-0.4912534379026085,-0.27638263533977875,-0.10280094841912382,-0.5267917223186922,1.3583603739410062,0.3581403891754813,0.6125530498969481
34,3800,42,2179.9929444466234,-1.9528843614414244,-0.5849046607537621,-1.4688665677704165,-0.410308297691809,-0.8634700462138201,-0.6142542984789047,0.8709122317393979,-0.481566548430211,-0.4230962065588109,-0.4618260387652622,-1.1512760702749985,-0.5605315189733038,1.2523484279958867,-1.0987972149572356,0.6125530498969481
75,4440,55,1471.1339434283407,-0.8237779925771218,0.3687770077049723,-1.2273816009701404,-0.7160770609235252,0.2152318024408838,0.25701902020397893,0.47742975269760685,-1.1617342104568764,-1.3460179845367914,-0.1981197138629203,-0.601645107695158,-0.0004732569483559443,-0.16695541290365903,0.3581403891754813,0.6125530498969481
56,4191,75,1524.9197517524358,-1.0905411484349306,-0.12094221917214974,-0.49868113745341497,-0.5101423269626915,-0.18572935851873712,-1.0385747644227592,-0.38127720177114266,-1.1101254032815964,-1.1477182127095475,-0.4618260387652622,-0.601645107695158,-0.3843871007626564,0.11108056760492421,0.3581403891754813,0.6125530498969481
93,6300,91,2729.389301911995,0.580459067897303,0.9459121453121655,-0.13340928651471148,-0.23124356768754165,1.7909879226128143,0.4496014388117547,-1.7565250579131293,0.045592781487855547,1.1635803366973685,-0.845749676894635,1.1535860970634626,1.2711007922851891,-1.6157983130368996,1.8150779933081982,0.6125530498969481
70,3700,75,1928.3344679735446,-1.2773003039173507,0.6270233788095004,-1.2233456581650797,-0.844973801065171,0.505111778374698,-0.2291946039516519,-0.5948985251698033,-0.7230390518843525,-0.4230962065588109,-0.9875453814266576,0.7487430981377603,0.6459771420828389,1.211300101682098,0.3581403891754813,0.6125530498969481
68,4323,64,2447.013542674721,-0.043867890391065506,0.5272445442404738,-0.5263297844880812,-1.8724965554839514,1.1662499008712452,0.12366360001576755,-0.8317407990918487,-0.2253537109704769,-0.4230962065588109,-0.43508339754859504,0.7487430981377603,0.5105421052147793,0.7971031965388506,1.8150779933081982,0.6125530498969481
60,4372,85,3502.4652151653872,0.5601396393132828,0.3687770077049723,0.5971234379331368,0.4211230009713984,0.17364672686546687,0.7526774067369608,1.1246396100682514,0.7873781516832565,0.6902976719925955,-2.1376362729688485,0.7990089285165864,2.0252747291992,1.4211349399703495,0.3581403891754813,0.6125530498969481
55,3700,51,1265.6082205539653,-0.02091149668294369,0.012544204192919739,-0.6876485561141074,-0.6579534341426623,-0.5254906116708954,-1.0385747644227592,-1.7565250579131293,-1.3589412011461273,-1.6826681864267155,0.0578612934555406,0.5879401964775927,-1.0777564012720815,-0.2898660653452511,-1.0987972149572356,0.6125530498969481
47,3526,63,859.4781111127844,-0.4604069757193691,0.13799295441079093,-0.3733069128542516,-0.6094184943270222,-1.0870474873256954,-1.0385747644227592,-1.4016057556008417,-1.7486330391850395,-1.9451356052056121,-0.22412911897517096,-2.2835393318336408,-0.07237775097556182,0.3131580071250354,-1.0987972149572356,0.6125530498969481
47,4310,46,2245.308173989908,-0.5960200611471566,-0.41769469988544683,-0.5949128357558989,-0.0021552485639602073,-0.26558507911415014,0.9249045664240839,0.18968183158858168,-0.4188949777661247,-0.9283307329438812,0.18319470580243435,1.231387019584252,-0.5507695367467623,-0.2186740742158603,0.3581403891754813,0.6125530498969481
36,3322,54,1030.3513167712815,-1.1379582441334888,-1.204141438433242,-1.429173691855813,-0.8182388420878753,-0.20875484710447237,-0.6142542984789047,0.3855304303319002,-1.584675991833187,-1.7193887069886764,-0.32895477682173246,0.4095619963667674,0.08191777926244911,1.424546622282759,0.3581403891754813,0.6125530498969481
30,4934,72,1808.268317430297,-0.9866135757960337,-0.9727316677869278,-1.6733950212522215,0.2989258143745879,0.5589200334520982,-0.2291946039516519,-1.7565250579131293,-0.8382454790951654,-1.2983753500580535,1.9193527444940255,-0.9955858819980911,0.06911105656858044,0.8261274671015463,0.3581403891754813,0.6125530498969481
99,6070,98,2729.389301911995,1.4779107069768507,2.379000709104455,0.7095946834607327,-1.323847012672887,1.923927117956586,0.12366360001576755,-0.18659120673062196,0.045592781487855547,1.572409762644023,-2.789815544024715,1.4777578075468099,2.3906785296888304,-3.280237961329974,1.8150779933081982,0.6125530498969481
96,5070,94,4371.376736751873,0.3580152268773264,2.1197004682084537,-0.15241187603064701,-2.0942242543239864,1.5426189300141848,0.4496014388117547,-0.35900044788854046,1.6211201473361683,1.3645882269351624,-0.48865480430561903,1.3766836801623437,1.5919460065675262,-2.3404118309344693,1.8150779933081982,0.6125530498969481
26,3670,56,1635.37566510348,-1.011099942633462,-1.204141438433242,-1.219324988318777,-0.10937808900060501,0.22723878076167214,-1.0385747644227592,-0.07928282794576684,-1.0041402352396067,-1.3460179845367914,-0.27638263533977875,-0.019012808716357025,-0.310032241474104,0.41104772956565694,0.3581403891754813,0.6125530498969481
48,1880,58,1168.6178607753586,-0.48817243737996785,-0.6744109272506593,0.4076345259434109,0.3013831459239031,-1.7370978529197951,-0.2291946039516519,-0.007652219826546156,-1.4520058390430488,-1.199238322126377,0.7864078276084665,-0.28448920152158647,-1.5002259289848494,1.5667146912706456,-1.0987972149572356,-1.6325116659989423
60,4720,81,3753.0799103562254,0.49571822172923186,0.4756588429698257,-0.009864429939377596,-1.7202136946368183,1.4723661123632086,-0.2291946039516519,-1.4016057556008417,1.0278491213014884,1.3645882269351624,-0.5968513856813783,1.341553066130896,0.920125897638135,0.5319326793254092,1.8150779933081982,0.6125530498969481
80,5020,82,2951.2439766727193,0.19828017696786224,1.2651043449994013,0.06930973279957552,-1.264692158327937,0.9806324705923506,0.12366360001576755,-0.4854840926797661,0.25846780349494175,1.0656043502924986,-0.7341609556836695,0.7487430981377603,0.7575897571055347,0.5684253181280786,0.3581403891754813,0.6125530498969481
68,5000,87,3668.583476425201,0.5742365084333004,0.42285937607467217,0.019897344884858746,-0.9825675695179338,1.7842852180989537,0.4180956600883188,0.07669669114387034,0.9467727128282987,1.0656043502924986,-0.7065095991630403,1.113250452842285,1.1458296222053972,0.6494450552535861,1.8150779933081982,0.6125530498969481
30,2146,46,1216.6318766065315,-1.2914652580055246,-1.204141438433242,-0.3157343147978096,-0.21828095609480486,-1.7550331807304491,0.4496014388117547,1.066451766681205,-1.4059352088535653,-1.1477182127095475,0.6449537276656453,0.5879401964775927,-1.9341096738781471,1.376655406957988,-1.0987972149572356,-1.6325116659989423
88,3650,61,1315.5467437618947,0.2001312982258349,0.9029060992795955,-0.19448364470228294,-1.1507160945452137,-0.9286569732347445,-0.2291946039516519,1.374059763805698,-1.3110239587515067,-1.6826681864267155,0.0578612934555406,-0.7227012651918747,-0.28749933846352815,-0.3961589310724122,-1.0987972149572356,0.6125530498969481
47,3000,60,2179.9929444466234,-0.6827367501871422,-0.2637884142137955,-0.6526714454880239,0.12603424105220834,-0.0924086554972805,-1.0385747644227592,-0.38127720177114266,-0.481566548430211,-0.6870519494859656,0.30686892312721825,1.231387019584252,-0.5703440020070553,1.0009265049786218,0.3581403891754813,0.6125530498969481
19,5500,54,900.7513906382784,-1.485739881968256,-2.216819485276005,-1.017346534614075,0.6206251539915161,-0.43581784081008285,0.4496014388117547,0.8415717373961816,-1.709030311422958,-1.973085139428777,-0.3026284436876273,-1.9857151375821298,-1.2665258077667991,1.1357190564059136,-1.0987972149572356,0.6125530498969481
50,2650,87,1808.268317430297,-0.9543692060010757,0.07620224590010687,-0.6233554353029339,-1.0365500942946195,-0.03298609131842826,-0.6142542984789047,1.7964834857726062,-0.8382454790951654,-1.3460179845367914,-0.3553625238528725,-0.1911203270674524,-0.3782024853473843,1.2484649534155852,0.3581403891754813,0.6125530498969481
33,3100,42,2876.3332980671166,-0.444914832611055,-1.3330274833513371,-0.611218195855224,1.3831200202033813,-0.2438328726773592,-0.6142542984789047,0.3315001806128366,0.18658916323670852,-0.28237352323745246,-0.3818525909118415,-1.515783424979524,0.6894452340129115,0.4969246581629162,0.3581403891754813,0.6125530498969481
65,4770,77,3753.0799103562254,0.5077172359754512,0.5776799288914052,0.5630875443092337,0.502111266263199,0.8009475046732774,0.19086001172443917,0.6889587036963638,1.0278491213014884,0.9692990979140862,0.2822630870249347,0.34549454598816776,0.3002601430944219,1.1722336932314659,0.3581403891754813,0.6125530498969481
84,5616,83,4189.931720186165,0.2689544382749644,1.4803479884652577,-0.47561770960799654,-0.798930428101034,1.7391323138793,-0.08451552985556106,-1.214151310006244,1.4470191871641125,1.3645882269351624,-0.9875453814266576,0.5879401964775927,1.2885046737822476,-0.08889222026650136,1.8150779933081982,0.6125530498969481
66,3523,67,3260.475653239477,-0.8065293710478013,0.5272445442404738,-0.6046624720025029,-1.1172801877673058,-0.31776530316597534,-0.2291946039516519,-0.9606431574678065,0.5551832097645348,0.8746535950171559,-0.17218743851993448,0.9411429344911897,0.2555176052756586,1.2355940090922997,-1.0987972149572356,0.6125530498969481
98,5950,97,4371.376736751873,1.864628304515328,2.452443922292768,1.0887936142976542,-1.065526666446129,1.7658040795405283,0.6037806420075298,-0.07396263422242712,1.6211201473361683,1.2632379969775114,-2.675124926388998,1.3056502891957145,2.275453721222109,-3.16035409295968,1.8150779933081982,0.6125530498969481
63,4056,78,3924.9469571113714,-0.16157565112194167,0.6270233788095004,-0.6458261345286401,-1.7541900886425583,1.1254133150689962,0.4496014388117547,-1.4016057556008417,1.1927597836517578,1.0656043502924986,-0.8738990280930917,1.3766836801623437,1.2527883447281278,-0.04171452484615041,0.3581403891754813,0.6125530498969481
44,3240,58,2657.356181551054,1.5416642368119322,-0.7684736752694478,1.638049453792889,1.0997990462491596,-0.7529427077266194,-0.2291946039516519,0.720306207993199,-0.023524770795469573,-0.28237352323745246,-0.17218743851993448,-0.10280094841912382,0.17312107083464065,-0.414421776926459,-1.0987972149572356,-1.6325116659989423
36,3000,42,2586.2824466747024,0.663289867215651,-0.6744109272506593,1.1516576654538933,1.4380873473740727,-1.2389903799716606,0.4496014388117547,1.2713984993834921,-0.09172176908837011,-0.4912534379026085,0.03258838544133381,-1.1512760702749985,0.38908148805462617,0.49583358525011534,-1.0987972149572356,-1.6325116659989423
36,2780,38,2729.389301911995,-1.4320261129623773,-1.204141438433242,-0.621137146238656,-0.486589626283788,-1.5626738743393254,-0.013985659609939928,0.4565508868862346,0.045592781487855547,-1.2494530951634284,0.4531942340637835,-1.515783424979524,-1.1842152031968562,1.039447949263229,-1.0987972149572356,0.6125530498969481
42,4800,54,1749.6764327700098,-1.2360171827581923,-0.5849046607537621,-0.6134135048771966,0.03258888578078365,0.30793760446468404,-0.6142542984789047,0.043338678855853185,-0.8944658348300512,-1.3460179845367914,-0.06921364143108587,0.20928980457225407,-0.09001309276925237,0.39962898554474113,0.3581403891754813,0.6125530498969481
50,4316,50,2447.013542674721,0.277023144282292,-0.7684736752694478,0.39414556952304675,1.0284544932615285,-1.1809047034307898,0.7526774067369608,-1.7565250579131293,-0.2253537109704769,-0.4230962065588109,0.7394742565334033,-0.488944521318963,-1.126916102351235,-0.4050276939134156,-1.0987972149572356,-1.6325116659989423
38,3066,76,1867.8210365112095,1.1167770582926195,-0.9727316677869278,1.3853860411860022,0.6060656891712533,-1.2717218542471183,-5.026053121682205,0.7573646257011469,-0.7811031790800594,-0.7494672137091747,0.5734771377015533,-1.9857151375821298,-1.1479354284120378,0.08804652988751521,-1.0987972149572356,-1.6325116659989423
48,3800,82,1030.3513167712815,-1.1751391440832957,-0.3392340437249904,-0.7995105832565478,-1.0089401426438158,-0.07163457522029776,0.4496014388117547,0.15797762173098692,-1.584675991833187,-1.094880026424442,-0.6514933665420364,0.643318740239679,0.4756801726046155,1.07763362346218,0.3581403891754813,0.6125530498969481
40,3500,70,1635.37566510348,-1.1139539295533867,-0.4994689411839057,-0.43295515514994853,-1.3559697713457746,-0.30671844717991764,-0.6142542984789047,-1.09776212520345,-1.0041402352396067,-1.4375163915219222,0.8331283179455142,-0.1911203270674524,-0.759893981196428,0.31091892859546744,-1.0987972149572356,0.6125530498969481
65,4080,59,3260.475653239477,-0.11790188052693132,0.5272445442404738,-0.3261526729691661,-1.4860814376784817,1.1876735060776515,0.4496014388117547,-0.38127720177114266,0.5551832097645348,0.6005650532112241,-0.27638263533977875,0.47121122188858366,1.300825474652939,0.22420208315421772,1.8150779933081982,0.6125530498969481
70,4400,81,2052.2429896634862,0.3747622218999593,0.675328745331237,-0.23940508438757557,-0.07522454097749387,0.9585764922158636,-0.2291946039516519,-0.9606431574678065,-0.6041457749675595,-0.9283307329438812,-0.27638263533977875,0.4095619963667674,0.3866261378411287,0.10603285279999924,0.3581403891754813,0.6125530498969481
50,4980,64,2876.3332980671166,-0.09490099618311996,0.19803987368047105,-0.5579230498577619,0.25583455751090806,1.116502677554239,-0.6142542984789047,-1.5715860927236946,0.18658916323670852,1.467641878959388,1.7703640987717493,0.13667737956055104,-0.3111477027023611,-0.2020317266026956,0.3581403891754813,0.6125530498969481
46,4765,86,2447.013542674721,-1.8941016785322653,-0.053119072030679164,-1.443891593616183,0.16408930983399242,0.44877394394675324,-0.6142542984789047,0.720306207993199,-0.2253537109704769,-0.7494672137091747,-0.6789541283407586,0.13667737956055104,0.15902147165047859,0.6941869296649427,0.3581403891754813,0.6125530498969481
39,3883,63,2378.8185817845842,0.7383528588207279,-1.0845174670653988,0.4489559122187346,-0.005914869171841798,-0.21682050591119023,-0.3034345775074199,0.8142433155553916,-0.29078845475452025,-0.5579571392876599,1.1996123641074883,0.8951255085680089,-0.8081301624362784,0.14853550312145522,0.3581403891754813,0.6125530498969481
40,3750,44,667.5700071990235,0.6140195609681487,-0.7684736752694478,0.8778620626670992,0.6149959535553727,-0.5845619581984869,0.25701902020397893,1.9631120966190065,-1.9327735892457512,-1.973085139428777,0.6449537276656453,-2.2835393318336408,0.9957332416379375,0.49744780298226177,-1.0987972149572356,0.6125530498969481
60,4408,82,3027.1136463166717,-0.7182951228212925,0.3687770077049723,-0.9332751312785158,-1.323847012672887,-0.36004924784599646,1.0360807080301793,0.5922469197789686,0.33126661926272183,0.5124477851823425,0.007245147886748601,1.5418252579254095,-0.1144754144435297,0.6633375234297659,-1.0987972149572356,0.6125530498969481
97,6000,96,4556.651814783072,1.4700352771647456,2.092417481864056,1.0010473945259881,-0.3450992073195937,1.5961468624002662,0.4496014388117547,-0.6632809494242876,1.7988961457720525,1.467641878959388,-2.675124926388998,0.5879401964775927,2.337072970250598,-1.747649838556899,1.8150779933081982,0.6125530498969481
79,3144,50,2516.1681992532613,-0.23596071200465676,0.9881629366230471,0.718221396128843,0.36028690596352597,-1.386749846679481,-0.6142542984789047,0.9432314873872767,-0.15899811554781332,-0.4912534379026085,1.2893215220075742,-2.2835393318336408,-1.2383371159666898,1.7214721572963374,-1.0987972149572356,-1.6325116659989423
74,3840,67,2802.3817071667036,-0.8668309666130594,1.1501937769220463,-1.473929997796244,-1.2789032854925582,0.13873519495560938,-0.41730816701513446,0.07006481891698788,0.11563079124223473,-0.1356944211524122,-0.09484535878691201,1.4110746470937963,-0.30187315452133445,0.668613286832959,0.3581403891754813,0.6125530498969481
56,3450,53,1867.8210365112095,-1.030795432266337,0.675328745331237,-1.6029104980940039,-1.658361763019646,0.2523356229466301,-1.71791435236204,-1.1844539612578335,-0.7811031790800594,0.4259346495311623,-0.8738990280930917,0.7487430981377603,0.32063317755768067,0.433895064555637,0.3581403891754813,0.6125530498969481
50,4600,68,2729.389301911995,0.10388999088653365,-0.7684736752694478,0.48965425628067955,0.04671874992599422,-1.0639992251026387,0.4496014388117547,0.19439905276860778,0.045592781487855547,-0.28237352323745246,1.0179463816947247,-0.488944521318963,-0.019270165157907596,-0.922395611942736,-1.0987972149572356,-1.6325116659989423
66,6200,94,3585.045215850244,0.9815060205636024,0.3687770077049723,0.46494009280422266,0.7487868149099581,1.1184412991582744,1.0360807080301793,-0.18659120673062196,0.8666156952783766,0.6902976719925955,0.30686892312721825,0.696881263144984,0.6978658765736995,-0.3231973409569424,0.3581403891754813,0.6125530498969481
16,2550,24,2729.389301911995,-0.09619928971790798,-3.3612688093227097,0.3471638909019997,0.39241310921738526,-0.8939510962294311,-1.5119094043589478,-0.9185501864797696,0.045592781487855547,-0.4912534379026085,0.30686892312721825,-0.9955858819980911,-0.5196990371918849,-0.10649827794002265,-1.0987972149572356,-1.6325116659989423
36,4200,22,1366.4473002878658,-0.17496744382508853,-0.9727316677869278,-0.6200299322211624,-0.8314593967701944,-0.13693542017306337,-0.2291946039516519,0.5922469197789686,-1.2621836217050806,-1.4375163915219222,-0.3553625238528725,-1.1512760702749985,-0.14605322917052554,0.5428819964548772,0.3581403891754813,0.6125530498969481
52,3200,69,1315.5467437618947,-0.12257490945753076,-0.41769469988544683,-0.34077977642032076,-1.1623087972167596,-1.4951709333147079,-0.2291946039516519,1.2117899245837738,-1.3110239587515067,-1.3460179845367914,1.0179463816947247,-1.1512760702749985,-2.4718618470582454,-1.6484275928622691,-1.0987972149572356,0.6125530498969481
74,4140,57,3924.9469571113714,0.17622625168672562,0.8144962912549331,0.005698884467260699,-0.22863103763749487,0.8998852924398955,1.3023649764046783,0.4565508868862346,1.1927597836517578,0.6902976719925955,-0.8738990280930917,-1.515783424979524,0.15078792086873735,0.4392729146294929,0.3581403891754813,0.6125530498969481
89,2494,66,3181.7295782263,0.6568509698240736,0.9459121453121655,1.4628083330045158,2.4745436931188647,-0.9627278894606838,1.5536080298286021,1.968957041285216,0.47962441223420943,1.2632379969775114,0.007245147886748601,0.060686441260878146,-0.6267762699137805,-0.8031542280179284,-1.0987972149572356,-1.6325116659989423
44,4865,68,2052.2429896634862,-0.1456309315075357,-0.2637884142137955,-0.21772830223232523,0.7019124328284156,-0.5181751764708661,-1.0385747644227592,-1.2442682363007733,-0.6041457749675595,-0.5579571392876599,0.8564097284492161,-0.9955858819980911,-0.8033014820882727,0.04183256314276985,-1.0987972149572356,0.6125530498969481
90,4060,58,3103.942211573207,1.7285878263497771,1.2651043449994013,1.870418370751503,1.5983343951762778,-0.9352456267250219,0.4496014388117547,-0.3409403116863961,0.404985518976676,0.6005650532112241,2.1082507547381426,-0.3835201634208818,-0.4073745513980457,-0.01135839923736634,-1.0987972149572356,-1.6325116659989423
49,4100,62,986.1881645250735,-1.7101084603203405,-0.5849046607537621,-0.7007979582614879,-0.00028299503473837014,-0.4130343485689788,-1.5119094043589478,0.4565508868862346,-1.6270516236131045,-1.5654940694465738,1.7703640987717493,0.34549454598816776,-1.868510571332382,0.646195430686714,-1.0987972149572356,0.6125530498969481
55,6965,80,3585.045215850244,0.8681210193534835,0.3687770077049723,0.872239304664806,1.0816436938410687,0.9676129215119171,0.4496014388117547,0.7634831066588156,0.8666156952783766,1.3645882269351624,0.1332649014169342,-0.488944521318963,0.6249074219775388,-0.4261092577655102,0.3581403891754813,0.6125530498969481
35,3320,46,3838.5344321060197,0.6921779864161495,-0.5849046607537621,0.6812234447459482,0.23463867832854768,-1.0981130973723547,-0.2291946039516519,1.5485627320659785,1.109844838622803,1.3645882269351624,1.244558309119232,-1.7339083692537995,-2.0701164426365795,0.5014095281723605,-1.0987972149572356,-1.6325116659989423
38,3138,43,2802.3817071667036,0.10388999088653365,-0.8676768730139961,0.5359296888729641,0.16408930983399242,-1.2245501271253267,-1.0385747644227592,1.4867608569454278,0.11563079124223473,-0.4230962065588109,1.244558309119232,-1.3233835886260938,-1.5505043844885629,1.1700368797121874,-1.0987972149572356,-1.6325116659989423
49,4400,83,1579.6670366204157,-1.0435462405115874,-0.12094221917214974,-0.3775625995999147,-0.2055624924000638,-0.07163457522029776,0.4496014388117547,-0.38127720177114266,-1.057594035693021,-0.8700943318940553,0.25759334859915606,-1.3233835886260938,-0.8047488519335877,0.4791001834075319,0.3581403891754813,0.6125530498969481
72,4040,60,1418.309746991305,-0.6691344177312009,0.3133361961439693,-0.8871538761426645,-0.9331033091060889,0.11536894877650877,-0.0491042890162079,0.22869245578463554,-1.212420327353753,-0.28237352323745246,-0.3553625238528725,1.0294623131395182,0.8002943200091462,0.2662550169041441,0.3581403891754813,0.6125530498969481
14,4630,51,1216.6318766065315,1.0514043034910134,-2.4887995845903816,-0.019455506725603946,0.8505387244489486,0.7800439559719657,-0.2291946039516519,-0.8317407990918487,-1.4059352088535653,-1.5240531582747878,0.9028169700855416,-0.28448920152158647,-0.7655636679883743,0.782501161036982,0.3581403891754813,0.6125530498969481
54,3340,62,2245.308173989908,-0.5637268661016092,-0.2637884142137955,-0.49286147223878307,-1.0960209047484508,-1.3494360195153279,0.4496014388117547,0.5922469197789686,-0.4188949777661247,-0.4230962065588109,0.5495374102901839,-0.601645107695158,-0.9333182452525298,-0.915841858318429,-1.0987972149572356,0.6125530498969481
87,3670,54,1692.045506602899,-1.5273022559073226,1.3022664532279355,-1.1071234222155613,-0.9740319705249556,-0.007435867506012867,0.6339700077405097,0.8627345908343734,-0.9497641272340495,-1.392393977623881,-0.9021518863751777,-0.488944521318963,-0.1031931424001553,0.3059658758233021,0.3581403891754813,0.6125530498969481
82,4048,82,4100.645683375967,0.2723610620551538,1.4803479884652577,0.24667805738813298,-0.4001047041054975,0.8051159245144573,0.4496014388117547,0.07669669114387034,1.3613470368188663,1.1635803366973685,-0.09484535878691201,0.5879401964775927,1.005717244695228,1.060444042664282,0.3581403891754813,0.6125530498969481
57,4280,65,1075.4774241680664,0.39229357267610127,0.012544204192919739,0.36890423831542646,0.4686066011038409,0.2559079680595297,-0.2291946039516519,0.2821942160312559,-1.5413763808804528,-1.7193887069886764,-0.14633148248231995,-0.10280094841912382,-0.2350448654266664,0.18653891637903583,0.3581403891754813,0.6125530498969481
36,4270,29,2052.2429896634862,-0.3545507039165952,-0.41769469988544683,-0.15108792646219787,0.06569588827966892,-0.4731503524789698,-0.2291946039516519,-1.7565250579131293,-0.6041457749675595,-1.4375163915219222,0.33141144399481504,-0.7227012651918747,-1.1582375455587726,0.6183974424547377,-1.0987972149572356,0.6125530498969481
39,4820,74,2179.9929444466234,-0.8532556531005216,-0.3392340437249904,-0.3733069128542516,-0.16639687095249697,-0.11696450190027456,-0.2291946039516519,-0.18659120673062196,-0.481566548430211,-0.9851988400469104,1.4665986044009738,0.47121122188858366,-0.5987858574876506,0.35694011234008743,0.3581403891754813,0.6125530498969481
52,4130,52,1366.4473002878658,-0.6630173945723599,0.19803987368047105,-0.4035224424155571,-1.1741414143251225,0.6046150057754334,-1.0385747644227592,-0.2817874146954495,-1.2621836217050806,-1.644788026270866,-0.09484535878691201,0.20928980457225407,-0.45261885457647466,1.0235853733493756,0.3581403891754813,0.6125530498969481
29,4840,46,4189.931720186165,1.1253053607527022,-0.4994689411839057,1.4137004420427648,1.7290982563907469,0.2152318024408838,0.322174426381495,-0.2817874146954495,1.4470191871641125,1.2632379969775114,1.2893215220075742,-1.515783424979524,-0.6140424091913025,0.12468386128809128,0.3581403891754813,-1.6325116659989423
71,6328,72,4100.645683375967,1.4057847910470767,0.7690207208177242,0.9903206737845082,0.9987618010283333,1.5698984641807798,1.0360807080301793,-0.4854840926797661,1.3613470368188663,0.9692990979140862,-1.773888167063639,-0.3835201634208818,1.267433378304888,-0.7083504754111445,1.8150779933081982,0.6125530498969481
55,3950,55,2586.2824466747024,-0.7688527199590248,0.3687770077049723,-0.6068427004438893,-1.1172801877673058,-0.4963183013983417,0.12366360001576755,-1.5715860927236946,-0.09172176908837011,-0.4230962065588109,-0.14633148248231995,0.5879401964775927,-0.30891746774800577,1.4033456118422496,-1.0987972149572356,0.6125530498969481
93,7131,95,4012.3174017613046,1.6902600086630688,1.9518471386888567,1.048426757481755,0.11817369230171147,1.716734178427812,0.8682441954437233,0.720306207993199,1.2765938761615636,0.8746535950171559,-1.9036274414904173,0.5306181538634841,1.7805025396805656,-3.3176721892955356,1.8150779933081982,0.6125530498969481
99,4438,70,4100.645683375967,1.4017407152552879,2.42816800768983,1.3331425782794761,0.43148156950958727,-0.9988301697961284,1.5291092798376344,-0.07042289923273956,1.3613470368188663,0.8746535950171559,1.2893215220075742,0.8477740600370556,0.708025815165428,-1.1515141114002445,-1.0987972149572356,-1.6325116659989423
24,2655,34,3668.583476425201,0.7785995634614411,-1.3330274833513371,1.2603055537139527,2.4501898039842005,-0.9142072820709761,1.14452306768254,2.2586464050740664,0.9467727128282987,0.6005650532112241,1.222108344767349,-0.9955858819980911,-0.21695551051769307,-0.8825170324457351,-1.0987972149572356,-1.6325116659989423
52,3950,76,1524.9197517524358,-1.5212554318138107,-0.9727316677869278,-0.5725458726418118,0.5554281226120912,-0.2033874093771219,-0.2291946039516519,-0.8317407990918487,-1.1101254032815964,-1.392393977623881,-0.43508339754859504,0.5306181538634841,-0.3693485130385374,0.41183507966591365,0.3581403891754813,0.6125530498969481
78,4328,83,4280.175431313631,0.7314906758512116,0.9459121453121655,0.04916275851849311,-1.1393532694354782,1.9917016387042779,-0.2291946039516519,-1.7565250579131293,1.5336102495926123,1.1635803366973685,-0.4618260387652622,0.7990089285165864,1.264149813136968,-0.41606741572587574,1.8150779933081982,0.6125530498969481
27,2985,36,2729.389301911995,-0.9071947257815044,-1.204141438433242,-0.9121840671987417,0.6968480623799264,-1.1252436803842232,-0.006996591935424735,0.8767356419746942,0.045592781487855547,-2.314801516396056,3.0128636091375527,-2.2835393318336408,-0.9317750563217706,-0.05163767264256884,-1.0987972149572356,0.6125530498969481
67,4450,69,2951.2439766727193,0.14673579591875788,0.42285937607467217,0.306743457954411,-0.08150079528244612,0.7124516289319573,0.4496014388117547,1.4597682930680167,0.25846780349494175,0.6902976719925955,0.20805976907672294,0.7990089285165864,0.3208893975381492,0.4158356487607785,0.3581403891754813,0.6125530498969481
54,4070,66,2586.2824466747024,-0.844314004189727,0.07620224590010687,-0.5153701039938592,-1.224097127110629,0.538546706109194,-1.0385747644227592,-0.007652219826546156,-0.09172176908837011,0.01703484187169807,0.0830645638304953,0.7990089285165864,0.23483457106998767,0.6213978929649402,0.3581403891754813,0.6125530498969481
51,3730,72,1265.6082205539653,-1.2773003039173507,0.13799295441079093,-0.7902341963389979,-0.431205973875573,-0.13166966162554308,0.4496014388117547,0.043338678855853185,-1.3589412011461273,-1.5240531582747878,-1.0739217798372556,1.3766836801623437,0.4945861329599206,1.0412427498106844,0.3581403891754813,0.6125530498969481
64,6174,77,2951.2439766727193,-0.31963130284860597,0.8591123720558882,-0.8727169131899646,-0.844973801065171,1.2309708053941073,-0.2291946039516519,-0.007652219826546156,0.25846780349494175,0.6902976719925955,-1.2795288599936459,0.8951255085680089,1.491924130472862,-0.27607380039393836,1.8150779933081982,0.6125530498969481
46,3670,64,1366.4473002878658,-1.052760428116805,-0.41769469988544683,-1.2749278840901759,-0.6529279200826901,-0.2552368701838875,-2.048308048513365,-0.38127720177114266,-1.2621836217050806,-1.392393977623881,0.35589122750062535,0.47121122188858366,0.38244317514841336,0.23191871024746238,0.3581403891754813,0.6125530498969481
41,3100,47,1265.6082205539653,-1.0398855625898908,-0.7684736752694478,-0.6829109540471304,1.326024651624655,-0.21682050591119023,0.12366360001576755,-0.6402474519149871,-1.3589412011461273,-1.2983753500580535,2.211956120304136,0.34549454598816776,-1.1900316309135361,-0.00667822928883494,0.3581403891754813,0.6125530498969481
60,3800,57,1989.8084917461094,1.0477411832702803,-0.2637884142137955,1.307243722051495,1.431922428877039,-1.129437743026696,-0.2291946039516519,-0.38127720177114266,-0.6640532127193101,-1.0407110988557453,1.5760036933158947,-1.1512760702749985,-1.5340737192800529,0.03834886055545697,-1.0987972149572356,-1.6325116659989423
20,2700,76,2876.3332980671166,-0.6990756244101024,-1.6267810138219474,-1.4414249072737315,-1.1862246672296413,0.43741250359800693,-1.0385747644227592,-0.7100928488101287,0.18658916323670852,0.09569733284866454,0.03258838544133381,0.34549454598816776,-0.7387771668507083,0.3958969016832701,0.3581403891754813,0.6125530498969481
31,3770,39,1989.8084917461094,-0.9477196186556397,-1.204141438433242,-1.2113290489984943,-0.044669902510998914,-0.430108505965122,0.12366360001576755,0.15797762173098692,-0.6640532127193101,-0.1356944211524122,-0.22412911897517096,0.7487430981377603,-0.1521656662385522,0.4460420182607379,-1.0987972149572356,0.6125530498969481
46,4530,60,1579.6670366204157,-1.1258803468589633,-0.2637884142137955,-0.9928406465373613,-1.065526666446129,0.09558300522426577,-1.0385747644227592,-0.8317407990918487,-1.057594035693021,-1.2983753500580535,0.10819887684225446,-0.28448920152158647,-0.0616886383800057,0.08091888041917393,0.3581403891754813,0.6125530498969481
91,4618,83,3753.0799103562254,0.2188792019308704,1.4803479884652577,-0.35066438954151585,-1.3559697713457746,1.2498296281827272,-1.0385747644227592,-2.1844360205206956,1.0278491213014884,0.8746535950171559,-1.1906916694765612,1.6334479958237178,1.7237140634499133,-0.44698843547303196,1.8150779933081982,0.6125530498969481
88,3048,100,2052.2429896634862,0.4022032787065838,1.51453184767177,0.17905060242717555,-1.2789032854925582,-1.4545982956336498,-0.0491042890162079,-2.437138885763575,-0.6041457749675595,-1.094880026424442,1.0864302146786262,-0.10280094841912382,-1.6075655894900829,-2.0496912780215544,-1.0987972149572356,0.6125530498969481
44,5160,65,2951.2439766727193,-0.27801207478851236,-0.41769469988544683,-0.2890440563340104,-0.07522454097749387,0.7976098294365102,-0.6142542984789047,-0.2817874146954495,0.25846780349494175,0.3410143789166372,0.4289597985788314,0.696881263144984,0.20427024854485581,0.8839184775303086,0.3581403891754813,0.6125530498969481
72,3600,80,3027.1136463166717,0.054999656855277246,0.675328745331237,0.20885524428698746,-1.0960209047484508,0.9454905754324342,-1.0385747644227592,-1.09776212520345,0.33126661926272183,0.6005650532112241,-0.3553625238528725,1.7481273960002646,0.4090709791338607,0.4318622800268725,0.3581403891754813,0.6125530498969481
56,5550,96,632.0813813557033,-1.42927958105783,0.3687770077049723,-1.0857037011407664,0.7955700857193758,0.26304304288094843,-0.2291946039516519,-1.7565250579131293,-1.9668257993943357,-2.0259049331637793,-1.7100169908089125,0.20928980457225407,-0.31822830099276955,-0.8383385077154618,0.3581403891754813,0.6125530498969481
82,5050,91,4012.3174017613046,0.6108944514574588,0.8591123720558882,-0.1231006411982501,-1.4654695858923672,1.9491090666190474,-2.048308048513365,-0.8317407990918487,1.2765938761615636,1.2632379969775114,-1.161322711796831,1.8025827916211208,1.6098052606303164,-1.2182453776018507,1.8150779933081982,0.6125530498969481
73,4194,65,3838.5344321060197,-0.44972770651766714,0.5776799288914052,-0.32695909859884575,-0.7105632497995539,0.7657705861943107,-0.6142542984789047,-1.5715860927236946,1.109844838622803,0.9692990979140862,-0.22412911897517096,0.8477740600370556,0.5005321658554333,0.49760016172075866,0.3581403891754813,0.6125530498969481
40,4773,69,4371.376736751873,-0.6533140242438527,-0.2637884142137955,-0.7451222077256711,-2.789154165730728,0.7586158531116008,0.8108421980583805,-1.4016057556008417,1.6211201473361683,1.3645882269351624,-0.14633148248231995,1.6034744834472257,0.8925153057161335,0.2810843054601317,0.3581403891754813,0.6125530498969481
63,3518,70,1749.6764327700098,1.3280571656019335,0.07620224590010687,0.8512802515546799,0.5151068467870742,-0.7802418840968481,0.4496014388117547,1.066451766681205,-0.8944658348300512,-1.1477182127095475,0.03258838544133381,-1.1512760702749985,-0.5966162551681816,-1.5223635376373355,-1.0987972149572356,0.6125530498969481
65,3485,64,3420.8435619247275,-0.44972770651766714,0.5272445442404738,-0.650384244251072,-1.6883580068917186,-0.4673816430927015,-0.2291946039516519,-0.007652219826546156,0.7090601660532498,0.17590711389826053,-0.8738990280930917,0.47121122188858366,0.24077110487052877,0.5787408465103001,-1.0987972149572356,0.6125530498969481
40,2980,38,2729.389301911995,-1.2160235586862262,-0.5849046607537621,-0.32454198313995414,-0.005914869171841798,-1.0629709897256059,1.0360807080301793,1.2117899245837738,0.045592781487855547,-0.20978440474634713,-0.043655143285563025,-0.9955858819980911,-0.4858582682422021,1.095136728562224,-1.0987972149572356,0.6125530498969481
75,3528,73,2447.013542674721,0.06153471405651917,0.6270233788095004,0.5083323315687038,-0.28291456787342484,-1.347937698152823,1.0360807080301793,-0.572572883574748,-0.2253537109704769,-0.35347352257287784,0.9259436201670271,1.0294623131395182,-0.7429823905702067,-0.8595261174749087,-1.0987972149572356,0.6125530498969481
49,4780,73,2729.389301911995,0.23855423871085651,-0.12094221917214974,-0.24822668263438882,-0.9410669533097701,1.5751599681039905,-0.2291946039516519,-1.09776212520345,0.045592781487855547,0.4259346495311623,-0.4084259016153431,0.7990089285165864,0.7766434974014556,0.5523788885499915,1.8150779933081982,0.6125530498969481
100,6410,100,4556.651814783072,1.8690384911826505,2.452443922292768,1.1694377595295318,-0.03281519843815528,1.748095854789754,-0.2291946039516519,0.9791134641449923,1.7988961457720525,1.3645882269351624,-1.0739217798372556,1.5729406861767377,2.6753026111110616,-4.0186533872995085,1.8150779933081982,0.6125530498969481
100,6690,100,4841.744437116298,-0.14838336820690126,2.5709000589305027,-1.2014181888893443,-2.1706909080364514,1.5311313223741758,1.0360807080301793,-0.5948985251698033,2.072449535254145,1.6789026453905742,-1.5841549225823564,1.3766836801623437,1.932162509996796,-2.255177610502869,1.8150779933081982,0.6125530498969481
52,3272,52,1579.6670366204157,-0.6533140242438527,-0.12094221917214974,-0.7578008556512423,-1.2508324265266675,-0.14326405507782955,-0.2291946039516519,0.9589986053365099,-1.057594035693021,-1.199238322126377,-0.22412911897517096,-0.1911203270674524,-0.37434767087137416,0.8139445512261274,0.3581403891754813,0.6125530498969481
87,3195,63,3260.475653239477,-0.646103150534914,1.3388902885586311,-0.733850464846132,-2.0942242543239864,-0.2984550083699909,-0.2291946039516519,-0.007652219826546156,0.5551832097645348,1.572409762644023,-0.1981197138629203,0.47121122188858366,0.052586408442532706,0.878417484592369,0.3581403891754813,0.6125530498969481
66,4700,79,3103.942211573207,-0.5367762845676515,0.6270233788095004,-0.5333714638444964,-1.1862246672296413,0.2843718631066613,-1.0385747644227592,-0.9606431574678065,0.404985518976676,-0.1356944211524122,-0.48865480430561903,0.7487430981377603,0.9565419713728884,0.4275575234921063,0.3581403891754813,0.6125530498969481
66,4560,79,2729.389301911995,-0.5346542711234588,0.7226458157909562,-0.6781964875177116,-0.1271125978628815,0.9337804705115147,-1.0385747644227592,-0.38127720177114266,0.045592781487855547,1.1635803366973685,-0.8738990280930917,0.8951255085680089,0.8753278375047309,0.29756461234263887,0.3581403891754813,0.6125530498969481
53,5841,79,4745.756330973894,0.47119420073080587,0.07620224590010687,-0.03433766964460313,-2.1706909080364514,1.8391379214436463,0.4496014388117547,-1.4016057556008417,1.9803465843944406,1.572409762644023,-0.4618260387652622,1.0294623131395182,1.021665960310897,0.18538863667211378,1.8150779933081982,0.6125530498969481
63,5920,60,3181.7295782263,1.3568330579158863,0.07620224590010687,1.1314600668627193,0.9369570706136677,0.403136443583273,2.4385556153715937,-0.38127720177114266,0.47962441223420943,0.6902976719925955,0.007245147886748601,-0.9955858819980911,0.45348131137259345,0.2855543988990511,0.3581403891754813,0.6125530498969481
58,5515,72,2951.2439766727193,-0.957711737706359,0.13799295441079093,-0.954815853955006,-0.8874268200608982,0.81136092042319,-0.2291946039516519,-0.7100928488101287,0.25846780349494175,0.7816568116943878,-0.7341609556836695,1.44475647114785,1.1596083388245395,0.5463250081516874,0.3581403891754813,0.6125530498969481
64,6040,72,3260.475653239477,-0.8079545962346026,0.675328745331237,-1.0963584006614737,0.1070210746282918,0.912093837816943,-0.6142542984789047,-1.1262705939718212,0.5551832097645348,0.5124477851823425,0.1332649014169342,0.8951255085680089,0.9220039712349752,0.4174558396557439,0.3581403891754813,0.6125530498969481
69,4341,72,2516.1681992532613,0.05663802551392779,0.7226458157909562,0.29986379508331684,-0.2972019675334946,0.5551629604043432,-0.4949772347693772,-0.18659120673062196,-0.15899811554781332,-0.060091883356808096,-0.3553625238528725,1.1535860970634626,0.2504385953351303,0.8115858587319998,0.3581403891754813,0.6125530498969481
70,3550,67,3502.4652151653872,-0.5064809912849549,0.3687770077049723,-0.45868846448416,-1.4264688673004153,0.015414767758354089,-0.2291946039516519,0.4565508868862346,0.7873781516832565,0.6902976719925955,0.2822630870249347,0.34549454598816776,-0.07302771101305129,0.5531118472840987,0.3581403891754813,0.6125530498969481
47,3920,44,1928.3344679735446,-0.9477196186556397,0.13799295441079093,-1.4588087077045102,-0.5910032316073232,-0.5021337567822785,-0.2291946039516519,-0.18659120673062196,-0.7230390518843525,-0.6870519494859656,-0.6514933665420364,-1.1512760702749985,-0.23789916074291398,0.7369295938302606,-1.0987972149572356,0.6125530498969481
46,3920,47,2802.3817071667036,-1.2541463701930462,-0.2637884142137955,-1.5915774758256043,-1.1741414143251225,0.005275697146182746,-2.048308048513365,0.15797762173098692,0.11563079124223473,-0.4230962065588109,-0.5425747226939668,0.4095619963667674,0.29844229925254595,1.419147976191603,0.3581403891754813,0.6125530498969481
9,3090,21,469.1146082588165,-0.9610662035097891,-2.4887995845903816,-1.9002758131524224,-0.925244514156253,-0.749194228132909,0.4496014388117547,0.8883383994642862,-2.123196430064342,-2.1608178322808573,-0.2502164792374274,-2.2835393318336408,0.24104042973052656,-2.8474020296489657,-1.0987972149572356,0.6125530498969481
30,4000,84,632.0813813557033,-0.7743388082826724,-1.204141438433242,-0.7375932590248221,0.48314881528904363,-0.5845619581984869,-1.5119094043589478,0.4565508868862346,-1.9668257993943357,-1.9451356052056121,1.8769734548205472,-2.2835393318336408,-1.6316540420110215,1.0534737073450047,-1.0987972149572356,0.6125530498969481
47,4348,75,3181.7295782263,-0.949377606244498,-0.12094221917214974,-0.44757193185112865,0.2776982439626942,0.1424118724317926,0.7526774067369608,0.4565508868862346,0.47962441223420943,0.7816568116943878,-0.5968513856813783,0.643318740239679,-0.02906368632803433,1.1723578085846902,0.3581403891754813,0.6125530498969481
63,3850,52,2729.389301911995,-0.5648216285901044,0.2564541555541443,-0.7915540595069022,-1.3900837948934837,-0.5108746975091973,0.4496014388117547,-0.38127720177114266,0.045592781487855547,-0.4912534379026085,0.4289597985788314,0.696881263144984,-0.3693485130385374,0.9073273407307345,-1.0987972149572356,0.6125530498969481
77,4620,56,2729.389301911995,0.08031965650631416,0.9459121453121655,0.03172662414991085,0.4021067495915114,1.0303484290494733,-0.2291946039516519,-1.09776212520345,0.045592781487855547,0.5124477851823425,-0.4084259016153431,0.47121122188858366,0.9913621641935632,0.18746962105306514,0.3581403891754813,0.6125530498969481
35,3403,54,2876.3332980671166,1.486950793919329,-1.204141438433242,1.753301595128664,1.1573001249387027,-0.5848598009901799,0.03469860313612119,1.6383252857859216,0.18658916323670852,0.17590711389826053,1.6627857007207905,-0.28448920152158647,-1.2134582313363935,0.1652740196779676,-1.0987972149572356,-1.6325116659989423
86,4090,83,2876.3332980671166,0.584875540502568,1.4457068812376728,-0.019455506725603946,-1.4860814376784817,0.9926160534748453,-1.0385747644227592,-1.2442682363007733,0.18658916323670852,0.8746535950171559,-0.2502164792374274,0.8951255085680089,0.33415609377675304,-2.0878125246233195,0.3581403891754813,0.6125530498969481
44,5364,69,1524.9197517524358,-1.7978651869723736,-0.5849046607537621,-1.574788563918717,0.9124968110445694,0.017945366784329685,-0.2291946039516519,-0.38127720177114266,-1.1101254032815964,-1.1477182127095475,-0.7065095991630403,0.8477740600370556,-0.3859365182888588,1.340746742658845,0.3581403891754813,0.6125530498969481
49,4689,95,2179.9929444466234,-0.3096630155647852,-0.5849046607537621,-0.09847686934028843,0.32313609642623936,-0.2874658280935898,1.3023649764046783,1.7767874410274658,-0.481566548430211,-0.8700943318940553,-0.6514933665420364,0.13667737956055104,-0.9245890040821799,0.3411270139892513,0.3581403891754813,0.6125530498969481
31,3706,40,2516.1681992532613,1.1262137276861743,-1.204141438433242,1.3389780240769222,1.2072212748790314,-0.8660535182544824,0.4496014388117547,1.5485627320659785,-0.15899811554781332,-0.4230962065588109,0.6686666659070798,-1.3233835886260938,-0.5097311210926455,0.642048216808413,-1.0987972149572356,-1.6325116659989423
72,3990,68,2876.3332980671166,2.0119006137631326,0.07620224590010687,2.032303715195847,1.4603202557412676,-0.041712170350209236,0.4496014388117547,1.066451766681205,0.18658916323670852,0.5124477851823425,1.727450787505049,0.34549454598816776,0.08191777926244911,0.3501047378521804,0.3581403891754813,-1.6325116659989423
48,3782,34,1168.6178607753586,-0.7579770365491028,-0.2637884142137955,0.27767422672497294,0.4841083661413631,-0.18733119622175154,1.0360807080301793,-0.38127720177114266,-1.4520058390430488,-1.7193887069886764,5.213212513282407,-0.3835201634208818,-0.6985862721727822,-1.1660322663162306,0.3581403891754813,0.6125530498969481
33,6790,66,2115.6378454067035,1.000840571980291,-0.8676768730139961,0.7069192316736062,0.986774164535995,0.18868731168658587,0.25701902020397893,-0.09532026038541107,-0.5433168502400174,0.09569733284866454,0.525539763472362,-0.488944521318963,-0.09922859762019015,-0.17237995430517436,0.3581403891754813,0.6125530498969481
59,3224,65,3181.7295782263,1.4622764189223325,0.13799295441079093,1.8628468488356873,1.1119706790254351,-0.6598175891537094,0.6937277125323383,1.1246396100682514,0.47962441223420943,0.5124477851823425,1.2669625914791942,0.20928980457225407,0.001083820911869436,0.9118482155518141,-1.0987972149572356,-1.6325116659989423
52,6192,75,1635.37566510348,1.3374967710857308,-0.053119072030679164,1.0108856544435574,-0.431205973875573,1.0053623407269028,0.657971573187166,-0.38127720177114266,-1.0041402352396067,-0.20978440474634713,-0.6241261617099947,0.4095619963667674,0.38588878025480183,0.0975052704350114,0.3581403891754813,0.6125530498969481
72,4544,98,2876.3332980671166,1.698140073674426,0.4756588429698257,1.4229680435778833,0.5169452389445929,-0.5272485502066548,-0.2291946039516519,-1.009003326063894,0.18658916323670852,-0.060091883356808096,0.9720449849419147,0.643318740239679,-1.434690226242023,-1.8775675127115103,-1.0987972149572356,-1.6325116659989423
41,3050,54,1265.6082205539653,-1.205093820334527,-0.7684736752694478,1.4446589589039145,-0.9098301087399321,-0.6385830315005429,-1.0385747644227592,-2.1844360205206956,-1.3589412011461273,-1.644788026270866,0.7629678942848166,0.13667737956055104,-3.3525774242454434,0.8279504779719628,-1.0987972149572356,0.6125530498969481
30,4800,26,1928.3344679735446,0.5571094015963326,-1.204141438433242,0.6867583438378481,0.9601733636324568,-1.996145086481559,-1.0385747644227592,0.4565508868862346,-0.7230390518843525,-0.9851988400469104,0.25759334859915606,-0.9955858819980911,-0.01549415709420525,-1.8073472917499656,-1.0987972149572356,-1.6325116659989423
53,3672,75,2245.308173989908,-0.9527023898514455,0.012544204192919739,-0.7251727925500133,-0.7272538841097254,-1.0295573619161016,-1.0385747644227592,0.23641393781517428,-0.4188949777661247,-0.9283307329438812,-0.14633148248231995,-0.019012808716357025,-0.09560237440084637,-0.5272200988545818,-1.0987972149572356,0.6125530498969481
57,5550,89,3838.5344321060197,0.37626843104435526,0.19803987368047105,0.5199550357387704,0.09569071633753531,0.42601925753919184,0.4496014388117547,-1.9594513469023465,1.109844838622803,0.6902976719925955,0.15826329539749684,0.5879401964775927,-0.22544524127610777,0.8448444202640208,0.3581403891754813,0.6125530498969481
94,6740,90,4463.535557347664,1.4669018009650432,2.0648660712522746,0.626664798051335,1.0464170386782825,1.8010243793763914,-0.2291946039516519,-0.3013291939211777,1.7095488044453089,1.3645882269351624,-3.368264127883562,1.0718935453228027,3.1081302760177767,-2.314630581478578,1.8150779933081982,0.6125530498969481
13,4690,36,3103.942211573207,-0.6342094485939086,-2.4887995845903816,-0.4457321141354221,0.0145173627450658,-0.6277122745785015,-0.2291946039516519,-1.3246273911078614,0.404985518976676,0.7816568116943878,0.1332649014169342,-0.3835201634208818,-0.6976720146330645,0.38224499249865346,-1.0987972149572356,-1.6325116659989423
30,4554,56,563.9987447456746,-1.6328680933613917,-1.204141438433242,-1.4243111611824884,-0.9410669533097701,-0.1332486173638105,-0.2291946039516519,0.720306207993199,-2.0321527652664386,-1.5654940694465738,-0.8738990280930917,0.696881263144984,-0.18964120311044544,-0.12579620169026018,0.3581403891754813,0.6125530498969481
55,4460,80,4556.651814783072,-0.4506933604313164,0.675328745331237,-0.5938356927536874,-1.1741414143251225,1.089272315915407,-0.6142542984789047,-2.0914770741357733,1.7988961457720525,1.3645882269351624,-0.3026284436876273,1.0294623131395182,0.8579254784571598,0.7332781921928017,0.3581403891754813,0.6125530498969481
55,3120,54,2802.3817071667036,1.1589707698934733,0.07620224590010687,1.7200285066603576,1.3142637088373896,-0.8329406479372058,0.4496014388117547,1.066451766681205,0.11563079124223473,0.3410143789166372,1.109161442390268,0.20928980457225407,-0.9108018261537898,-0.36664702724720666,-1.0987972149572356,-1.6325116659989423
40,3250,68,1928.3344679735446,-0.9797328219317024,-0.5849046607537621,-1.6317497499030564,-0.16639687095249697,-0.4101964618018934,-0.2291946039516519,0.31220519615957604,-0.7230390518843525,-1.5654940694465738,-0.3818525909118415,-0.488944521318963,-0.7109709598010429,1.5597877480467763,-1.0987972149572356,0.6125530498969481
19,4157,61,2586.2824466747024,0.6054687712860023,-1.9916231295773121,0.604878279725936,0.5475335506418704,-0.5637749949193023,-0.2291946039516519,-0.09532026038541107,-0.09172176908837011,-0.6232192944825511,0.5495374102901839,-0.601645107695158,-0.8739904057177794,0.2502935284824449,-1.0987972149572356,-1.6325116659989423
49,4150,62,1579.6670366204157,-0.9883416514249678,-0.2637884142137955,-1.1857513899938574,-0.6141072663851711,-0.5254906116708954,-0.2291946039516519,0.15797762173098692,-1.057594035693021,-1.094880026424442,-0.6789541283407586,0.7990089285165864,-0.4842230257759465,0.7081167043639434,-1.0987972149572356,0.6125530498969481
75,3690,88,4371.376736751873,0.29376516797202223,1.0296888476949617,-0.262376024098334,-2.789154165730728,1.8739898195901719,1.3023649764046783,-1.8353370256838513,1.6211201473361683,1.1635803366973685,-0.7341609556836695,1.3766836801623437,1.1752178457107436,-0.35119791795379873,1.8150779933081982,0.6125530498969481
43,4550,51,1471.1339434283407,-1.2293061614043845,-1.204141438433242,-1.0475479310975058,-1.0460501389834256,-0.08460505394541408,0.4496014388117547,-0.9606431574678065,-1.1617342104568764,1.0656043502924986,-0.14633148248231995,1.2689406411191924,-0.18166686350770198,0.54103066925182,0.3581403891754813,0.6125530498969481
45,5160,87,2115.6378454067035,-0.09554990380802067,-0.2637884142137955,-1.558246388907632,0.30505375137088064,0.24159926935404838,-1.0385747644227592,0.8356583924436819,-0.5433168502400174,-0.6870519494859656,0.4289597985788314,1.0294623131395182,-0.2572859473765196,-0.16130566699430954,0.3581403891754813,0.6125530498969481
65,3350,65,2052.2429896634862,-1.5003813704474795,0.5776799288914052,-1.5338815582074614,-1.1623087972167596,-0.3360655425039277,0.4496014388117547,1.948436776957861,-0.6041457749675595,-0.9283307329438812,-0.845749676894635,0.4095619963667674,0.15958778625130116,0.667595610487579,-1.0987972149572356,0.6125530498969481
77,4062,79,3753.0799103562254,-0.4174943155970009,1.1890885687490678,-0.7177958874864885,-1.4654695858923672,1.2609193153211102,-1.0385747644227592,-0.8317407990918487,1.0278491213014884,1.1635803366973685,-0.3026284436876273,0.8477740600370556,1.050524258435125,0.4460420182607379,1.8150779933081982,0.6125530498969481
41,4782,52,1579.6670366204157,-1.48283776871989,-1.204141438433242,-1.2093394471407284,0.5845340400620087,-0.286917227340688,0.4496014388117547,-0.18659120673062196,-1.057594035693021,-0.6232192944825511,0.0830645638304953,-0.488944521318963,-0.4989918908026205,0.9677553622983834,0.3581403891754813,0.6125530498969481
56,5610,84,3924.9469571113714,0.5485658966797335,-0.2637884142137955,0.38456102299753386,1.0887766844638758,0.6264060545068413,-0.6142542984789047,2.0633893890377446,1.1927597836517578,0.6902976719925955,0.30686892312721825,-1.1512760702749985,0.19598482610711043,-0.8215500386640247,0.3581403891754813,0.6125530498969481
59,5740,92,4189.931720186165,0.8275444896739673,0.675328745331237,0.0869833820238342,-0.2471352471612089,1.7893131283006505,0.4496014388117547,-0.38127720177114266,1.4470191871641125,1.2632379969775114,-0.9021518863751777,1.0718935453228027,1.3462127927726988,-1.0062308033942615,1.8150779933081982,0.6125530498969481
35,3585,75,2876.3332980671166,-1.0601969514929068,-0.6744109272506593,-1.313668369839305,0.04671874992599422,-0.8355010027325963,1.3023649764046783,0.4565508868862346,0.18658916323670852,0.09569733284866454,-0.3553625238528725,-0.7227012651918747,0.1912709949874447,-0.09163931486211319,-1.0987972149572356,0.6125530498969481
70,3970,77,4012.3174017613046,-0.47616870268799716,0.42285937607467217,-0.7165718278770373,-1.5531623993304815,1.4687804455716031,2.104899728685809,0.18968183158858168,1.2765938761615636,1.0656043502924986,-0.845749676894635,-0.019012808716357025,1.385220665538785,-0.6478662283278471,1.8150779933081982,0.6125530498969481
47,4005,57,1168.6178607753586,-1.152245604817201,0.012544204192919739,-0.8210469405406025,1.210291736108052,-0.13693542017306337,-0.2291946039516519,-0.38127720177114266,-1.4520058390430488,-1.094880026424442,0.8097944922590647,0.4095619963667674,-2.3498111466530602,1.1055702792912185,0.3581403891754813,0.6125530498969481
27,3040,26,1121.5663249477461,0.343672620299839,-1.204141438433242,0.9854141914094662,1.7772331821266991,-1.643243433158621,-0.17072831148606002,0.40421132387382147,-1.4971529459749755,0.01703484187169807,1.0864302146786262,-0.7227012651918747,-1.0383815588320011,-0.05772376724875687,-1.0987972149572356,-1.6325116659989423
35,3430,60,1808.268317430297,-0.6365758919898624,-0.6744109272506593,-0.8871538761426645,-0.023088318734798854,-1.4755979450908108,0.4496014388117547,0.5790362131680256,-0.8382454790951654,-1.2983753500580535,0.5495374102901839,-0.9955858819980911,-1.2359551504696182,-0.6769299653666755,-1.0987972149572356,0.6125530498969481
33,2987,51,2179.9929444466234,-0.3071881810357961,-1.3330274833513371,0.11449793484123197,0.007156298798464337,-1.5674959760606653,-0.0279983303806993,0.7227955342089972,-0.481566548430211,-0.35347352257287784,0.7629678942848166,-0.8534518760234878,-0.9123291000186967,0.8055543444726024,-1.0987972149572356,-1.6325116659989423
77,3891,77,2802.3817071667036,-0.24590443840849963,1.2651043449994013,-0.5374191334014481,-0.8874268200608982,1.5192604133823406,-0.0491042890162079,-0.432762082411762,0.11563079124223473,0.8746535950171559,-1.0162263078285314,1.720203458036234,1.1607499668007888,0.10161773560886084,1.8150779933081982,0.6125530498969481
76,4840,94,3838.5344321060197,-0.08650841345958854,-0.1910995085854955,-0.018321482131393306,0.3255137691295411,0.27253661788993777,-1.0385747644227592,-0.5948985251698033,1.109844838622803,0.8746535950171559,-0.14633148248231995,0.5879401964775927,-0.09560237440084637,0.4674437938363918,0.3581403891754813,0.6125530498969481
56,4755,85,3420.8435619247275,-0.1422023878380546,0.2564541555541443,-0.7202486420806409,0.25583455751090806,0.8896850314583712,-1.0385747644227592,-0.14048620591693609,0.7090601660532498,0.17590711389826053,-0.4084259016153431,0.696881263144984,-0.07010481753836482,0.12150977028102074,0.3581403891754813,0.6125530498969481
84,5580,91,4463.535557347664,1.2307082788860346,0.8591123720558882,0.789493117510525,-0.5643449338659922,1.7842852180989537,1.3023649764046783,-0.13137917435120128,1.7095488044453089,1.572409762644023,-0.3553625238528725,1.2689406411191924,1.2568956011838275,-0.5041338296779814,1.8150779933081982,0.6125530498969481
46,4000,66,3753.0799103562254,-0.47616870268799716,0.07620224590010687,-0.47942210427592374,-0.431205973875573,0.04316040253595542,-1.0385747644227592,-0.38127720177114266,1.0278491213014884,0.8746535950171559,-0.48865480430561903,0.060686441260878146,0.0377263620870035,0.08169544466493703,0.3581403891754813,0.6125530498969481
33,5300,58,2447.013542674721,-1.8985032876567227,-0.9727316677869278,-0.5323622676063023,-0.0021552485639602073,0.42601925753919184,0.12366360001576755,-0.8192639038811091,-0.2253537109704769,0.5124477851823425,3.0516779923242545,-0.10280094841912382,0.08428964113927435,0.43907245465945055,0.3581403891754813,0.6125530498969481
54,4240,56,1635.37566510348,-1.1942875885457893,0.3133361961439693,-0.19936324588212398,-0.8658275684892794,-0.2874658280935898,0.4496014388117547,0.31220519615957604,-1.0041402352396067,-0.8104772611976783,1.6194758578441073,0.2788113855351543,-0.5656447474459456,0.8658376824716167,0.3581403891754813,0.6125530498969481
64,4790,69,2729.389301911995,0.4996285923928319,0.6270233788095004,-0.051250681531073115,-1.0089401426438158,1.2708579877093604,-0.6142542984789047,-0.4854840926797661,0.045592781487855547,1.467641878959388,-0.4084259016153431,0.13667737956055104,1.0151498771803276,0.04909848784711079,1.8150779933081982,0.6125530498969481
31,4520,61,632.0813813557033,-0.31712881443535373,-0.9727316677869278,0.16961992260165212,0.9751165585370247,0.1570841743525925,-0.2291946039516519,-0.007652219826546156,-1.9668257993943357,-1.8227310098814986,0.10819887684225446,-0.9955858819980911,-0.23861344905684823,1.1084404555761647,0.3581403891754813,0.6125530498969481
55,2890,53,2179.9929444466234,-0.6902417843019272,-0.1910995085854955,-0.7706458792310509,0.3792880943109691,-1.185171529100312,0.4496014388117547,0.15797762173098692,-0.481566548430211,-0.6870519494859656,0.18319470580243435,0.9411429344911897,-1.4576384330448144,-0.223275195743967,-1.0987972149572356,0.6125530498969481
41,3400,45,2447.013542674721,0.027794170542252482,-0.6744109272506593,-0.4718288446647472,-1.308458762070803,-1.6161459436838903,-1.5119094043589478,0.31220519615957604,-0.2253537109704769,-0.6870519494859656,-0.32895477682173246,-1.3233835886260938,0.6349582592619688,-0.6101575587237623,-1.0987972149572356,-1.6325116659989423
33,4800,100,2052.2429896634862,-0.6617988572958575,-1.7978331880954055,0.15273295403977152,-0.3482108538571652,-0.1900024498689417,2.4385556153715937,2.7007350625834534,-0.6041457749675595,0.25767565625110594,2.3148101285408176,-1.1512760702749985,-2.969927884105032,-1.0162412604854265,0.3581403891754813,0.6125530498969481
72,4210,81,3838.5344321060197,-0.029901556313497273,1.1890885687490678,-0.18824947626118482,0.6019717972126885,0.7925984055207709,-0.2291946039516519,-0.5948985251698033,1.109844838622803,0.7816568116943878,0.9490194931800552,0.8951255085680089,0.0999186336733127,0.09606812787834532,0.3581403891754813,0.6125530498969481
47,3400,92,1366.4473002878658,-0.5582726644819488,-0.12094221917214974,-1.2686048897713655,-1.8298731617089106,-1.7921050607552145,1.5536080298286021,-0.5948985251698033,-1.2621836217050806,0.9692990979140862,-0.9305096236198235,-0.28448920152158647,0.2461490835061736,-1.5058384759967054,-1.0987972149572356,0.6125530498969481
41,3620,63,1075.4774241680664,0.7250671282097544,-0.4994689411839057,0.5813642295611628,-0.023088318734798854,-0.7205902212326216,-3.021319039710189,-1.7565250579131293,-1.5413763808804528,-1.5654940694465738,0.5495374102901839,-0.488944521318963,-0.7864932022860812,-0.8603509439447266,-1.0987972149572356,-1.6325116659989423
47,3962,62,2657.356181551054,0.49080454941240637,-0.9727316677869278,0.4300363145060854,-0.628386138396189,-0.5490014173684451,0.12366360001576755,1.2713984993834921,-0.023524770795469573,-0.1356944211524122,1.0864302146786262,0.2788113855351543,-1.2229016753401747,-0.4502103704245131,-1.0987972149572356,-1.6325116659989423
39,4000,70,1808.268317430297,0.017012522122771906,-0.2637884142137955,-0.11228069362080101,-0.4172001723840956,0.3102865577817636,-0.2291946039516519,-0.007652219826546156,-0.8382454790951654,-1.2494530951634284,0.0830645638304953,0.34549454598816776,-0.28309959435544696,0.23748600324476013,0.3581403891754813,0.6125530498969481
61,3036,59,1989.8084917461094,0.20703776683242217,0.5272445442404738,-0.7875997659867329,-0.4601547085297253,-1.483412153110486,-0.2291946039516519,0.6635672183793232,-0.6640532127193101,-0.5579571392876599,-0.9021518863751777,-0.8534518760234878,-0.294487655660361,-1.522542900757448,-1.0987972149572356,0.6125530498969481
57,2980,37,3340.1803447267753,1.1756399776950155,0.3133361961439693,1.7760773564528627,1.7153704089318045,-1.194078940490222,0.4496014388117547,1.3122353651674301,0.6316618234008086,0.4259346495311623,0.5014836937996878,-0.8534518760234878,-0.6184238503686443,0.5835967475096299,-1.0987972149572356,-1.6325116659989423
45,2325,45,2115.6378454067035,0.3671908445799639,-0.12094221917214974,1.153273814376933,1.1568916363031037,-1.9910237931069654,0.5611600805289095,0.6648435231047262,-0.5433168502400174,-0.35347352257287784,1.444591078122857,-0.601645107695158,-1.9171361761020183,1.0034995244474834,-1.0987972149572356,-1.6325116659989423
54,6300,80,3585.045215850244,0.8418690104731893,0.07620224590010687,0.47296127079593536,-0.3704128641720285,0.7103218447492516,0.4496014388117547,-0.5948985251698033,0.8666156952783766,0.5124477851823425,0.20805976907672294,0.5306181538634841,0.2937583083822423,0.1544078451544627,0.3581403891754813,0.6125530498969481
64,5916,84,3420.8435619247275,0.7727685615890176,0.9459121453121655,0.62466529357731,0.16408930983399242,0.8366635243852356,0.08966532219506136,0.20223912345971037,0.7090601660532498,0.5124477851823425,0.0830645638304953,-0.9955858819980911,0.7864518491610535,-0.27516723941048915,0.3581403891754813,0.6125530498969481
80,5870,53,2876.3332980671166,0.14919128560094064,0.012544204192919739,0.38524958826335304,0.5341906841493281,0.2867347034270165,0.4496014388117547,-0.9606431574678065,0.18658916323670852,0.5124477851823425,-0.5696679334896119,-0.488944521318963,0.295841779845231,1.0272136927551896,0.3581403891754813,0.6125530498969481
55,5330,65,2729.389301911995,0.7272963270741718,0.07620224590010687,0.9558168568558417,1.6398731002288558,0.3801236666635978,1.0360807080301793,1.066451766681205,0.045592781487855547,1.1635803366973685,-2.240907965439047,-0.3835201634208818,1.0167420859984393,0.5430920716827448,0.3581403891754813,0.6125530498969481
72,3560,77,2586.2824466747024,-0.03716058612695645,0.7690207208177242,0.20367492016670885,-0.8117346098511219,0.7632467647761073,0.4496014388117547,-2.1844360205206956,-0.09172176908837011,0.25767565625110594,-0.018169123018266124,1.0718935453228027,0.15817163376040988,1.0320207888312147,0.3581403891754813,0.6125530498969481
37,4300,72,2729.389301911995,-0.21342887018169598,-0.5849046607537621,-0.3261526729691661,-0.8874268200608982,0.8998852924398955,-0.2291946039516519,-0.5948985251698033,0.045592781487855547,-0.060091883356808096,0.03258838544133381,0.7990089285165864,-0.12683687517030182,0.23512329646065694,0.3581403891754813,0.6125530498969481
21,5400,70,1867.8210365112095,0.08031965650631416,-2.4887995845903816,-0.20497332035690344,-0.11597494630920409,0.5936765164083418,-0.6142542984789047,-0.6632809494242876,-0.7811031790800594,-1.0407110988557453,-0.3818525909118415,0.34549454598816776,0.12468138665974944,0.7297937500279595,0.3581403891754813,0.6125530498969481
20,4640,51,1121.5663249477461,-1.0771458379492984,-1.7978331880954055,-0.7276442458726137,-0.4904558228650683,-0.730512630509906,-0.2291946039516519,-1.4016057556008417,-1.4971529459749755,-1.094880026424442,-0.32895477682173246,-0.3835201634208818,-0.4614787189479588,1.3018914012771496,-1.0987972149572356,-1.6325116659989423
86,4772,77,3502.4652151653872,0.5516271679143122,1.4803479884652577,-0.07514372951015755,-0.6529279200826901,1.2912292689885556,-0.2291946039516519,-1.09776212520345,0.7873781516832565,0.7816568116943878,-0.5155706927336406,1.0294623131395182,1.1956475168054088,-1.6183408233154262,1.8150779933081982,0.6125530498969481
29,3750,59,1168.6178607753586,-0.7512440275450158,-0.9727316677869278,-1.2539949269573853,-0.9740319705249556,-0.07941154917988634,0.12366360001576755,-0.4854840926797661,-1.4520058390430488,-1.5654940694465738,-0.8177024914772081,0.8477740600370556,0.5775159700154037,0.04847550645324447,0.3581403891754813,0.6125530498969481
46,3700,55,859.4781111127844,-0.5869970398481835,-0.1910995085854955,-0.1497659888519674,-0.19555710302836535,-0.018146215060422285,-0.6142542984789047,-0.007652219826546156,-1.7486330391850395,-1.9161399642376822,0.9028169700855416,-0.28448920152158647,-1.723950287391873,0.8186505180705277,0.3581403891754813,0.6125530498969481
63,3850,64,1928.3344679735446,-0.4516600456628641,-0.053119072030679164,-0.7915540595069022,-1.0856771595189671,0.12768438698895676,-0.0491042890162079,0.3855304303319002,-0.7230390518843525,-0.6870519494859656,-0.5425747226939668,0.060686441260878146,-0.15522989657869318,0.3528831103630511,0.3581403891754813,0.6125530498969481
63,6800,79,4100.645683375967,0.3803967803277877,-0.2637884142137955,0.3273994940921789,-0.17597858877416286,0.5761147458728345,-0.2291946039516519,0.8415717373961816,1.3613470368188663,0.8746535950171559,-0.06921364143108587,0.4095619963667674,0.4461676020749453,-0.24201897779794065,0.3581403891754813,0.6125530498969481
54,6550,70,4556.651814783072,-0.49322123543859914,-0.1910995085854955,-0.9018018714840317,-0.4904558228650683,1.0599091241292744,-0.6142542984789047,-2.1844360205206956,1.7988961457720525,1.3645882269351624,-0.6789541283407586,0.34549454598816776,0.71199077190249,0.22242190379365073,0.3581403891754813,0.6125530498969481
29,2643,68,1579.6670366204157,0.5916024099162775,-1.3330274833513371,1.4227455438033356,1.1445420441442986,-1.8358154428499396,-0.6142542984789047,0.6699416162275255,-1.057594035693021,-0.9283307329438812,1.222108344767349,-0.8534518760234878,-1.0810716245337828,0.8338314400762042,-1.0987972149572356,-1.6325116659989423
41,3400,59,667.5700071990235,-0.6449068227399253,-0.6744109272506593,-0.5064976273717405,0.43045216020189175,-0.13693542017306337,-0.2291946039516519,-0.18659120673062196,-1.9327735892457512,-2.1196483779539492,-1.5221214688076337,0.13667737956055104,-1.3452225459391853,0.45016962388868464,0.3581403891754813,0.6125530498969481
60,3920,96,3103.942211573207,-0.0002867882127388542,0.19803987368047105,-0.5788827269964539,-0.29145025136329783,0.8896850314583712,-0.4559627311617417,-0.8068585571916942,0.404985518976676,1.3645882269351624,-0.17218743851993448,0.696881263144984,0.4837783977991977,-1.0273133440888897,0.3581403891754813,0.6125530498969481
31,5925,69,2657.356181551054,0.9718457680889686,-0.9727316677869278,0.624414970231984,0.4355850726742023,0.19110784129153285,0.12366360001576755,-0.007652219826546156,-0.023524770795469573,-0.060091883356808096,0.9028169700855416,0.8951255085680089,-0.0026555648125747592,-0.5215163772156444,0.3581403891754813,0.6125530498969481
71,4760,77,2729.389301911995,1.045568736058675,0.675328745331237,1.186513099491042,0.5718300632983053,0.40543054269898315,0.4496014388117547,1.0122534250456598,0.045592781487855547,1.0656043502924986,-0.09484535878691201,0.4095619963667674,0.427131894643879,0.9926549349902808,0.3581403891754813,0.6125530498969481
60,4010,50,2876.3332980671166,0.8735199901734555,-0.7684736752694478,1.257481109263603,1.3451608388976657,-1.5053985439238686,1.0360807080301793,0.5389373745851044,0.18658916323670852,0.3410143789166372,0.6686666659070798,-0.9955858819980911,-0.869996946450833,0.8200796627578476,-1.0987972149572356,0.6125530498969481
52,7400,90,2115.6378454067035,-1.1481415823516226,0.13799295441079093,-0.8784667292253139,0.07078414185244954,0.3102865577817636,0.4496014388117547,0.15797762173098692,-0.5433168502400174,-0.20978440474634713,-2.036203154870672,1.5101056089930909,0.6154223597226631,0.930824749797983,0.3581403891754813,0.6125530498969481
78,4942,84,2729.389301911995,0.8987879679441577,0.8144962912549331,0.4689612845132503,0.5114165899760813,-0.9984940856865023,0.7526774067369608,1.1732322498844125,0.045592781487855547,-0.1356944211524122,0.9028169700855416,0.696881263144984,-1.3414689669260043,-1.674983642838923,-1.0987972149572356,-1.6325116659989423
34,6450,77,2447.013542674721,-1.1921409266353042,-1.3330274833513371,-1.0595363505064501,0.05885402780243383,0.38243084587087894,0.2897201272175073,-0.23367680838973376,-0.2253537109704769,0.9692990979140862,-0.9589736432806009,0.696881263144984,0.5468378860030482,-0.4273696948026918,0.3581403891754813,0.6125530498969481
30,7000,68,1928.3344679735446,-0.8136774521428248,-0.1910995085854955,-0.6924095012304674,0.5554281226120912,0.06821195754654148,-1.5119094043589478,-0.18659120673062196,-0.7230390518843525,-0.4230962065588109,-0.5696679334896119,0.060686441260878146,0.5731715961484694,0.15547639905598495,0.3581403891754813,0.6125530498969481
30,5280,55,2876.3332980671166,-0.5147380558031106,-1.204141438433242,-0.42483403891232463,0.5475335506418704,0.3546572622011375,-0.2291946039516519,-0.9606431574678065,0.18658916323670852,0.01703484187169807,-0.8738990280930917,-0.1911203270674524,0.04865671384075893,0.4998061651063757,0.3581403891754813,0.6125530498969481
52,4208,51,3103.942211573207,-0.09037197783414275,0.13799295441079093,-1.262319019742533,-0.5819923517098771,0.3102865577817636,-0.2291946039516519,0.6469099571401854,0.404985518976676,0.6902976719925955,-0.7341609556836695,1.2689406411191924,-0.03128291531012251,-0.9548402655980351,0.3581403891754813,0.6125530498969481
51,4550,61,1315.5467437618947,-1.0509103946993723,0.13799295441079093,-0.3424197298695604,1.127359447455725,-0.17666519467420225,-0.8209747620312199,0.23641393781517428,-1.3110239587515067,-1.4375163915219222,-0.1981197138629203,-0.601645107695158,-1.0136125893860917,-0.1618588069626659,0.3581403891754813,0.6125530498969481
51,4500,66,2052.2429896634862,-0.35715990450885055,-0.8676768730139961,-0.25713686334550334,0.11182218825857136,0.27253661788993777,0.4496014388117547,-1.09776212520345,-0.6041457749675595,-0.4230962065588109,-0.5425747226939668,0.696881263144984,0.18208158879143516,0.19756165091474817,0.3581403891754813,0.6125530498969481
99,5975,94,4745.756330973894,1.2325633952788,2.5940317741350425,0.8249568972013424,-1.3900837948934837,2.0134989748534267,1.1712232061898495,0.5922469197789686,1.9803465843944406,1.572409762644023,-1.0162263078285314,0.9411429344911897,2.550003006545823,-2.810207454887759,1.8150779933081982,0.6125530498969481
12,2516,51,2245.308173989908,-1.948238590127766,-1.9916231295773121,-1.1935557667455075,-1.01799999104857,-1.7550331807304491,0.4496014388117547,0.956752752058499,-0.4188949777661247,-0.9283307329438812,0.4531942340637835,-0.8534518760234878,-0.5201155153614891,1.7214721572963374,-1.0987972149572356,-1.6325116659989423
43,3740,52,2378.8185817845842,-0.45359651860739064,-0.5849046607537621,-0.8929874370094172,0.46172263461915913,-0.6204837466933623,-0.2291946039516519,-0.8317407990918487,-0.29078845475452025,-0.5579571392876599,0.9259436201670271,0.13667737956055104,-0.6578652682482061,-1.3130841814869652,-1.0987972149572356,0.6125530498969481
50,3452,32,1579.6670366204157,-0.9987772257402142,0.07620224590010687,-0.8306185257214134,0.22243802574620308,-0.8537995141224842,-1.0385747644227592,0.49124292155173377,-1.057594035693021,-1.1477182127095475,-0.7619093999483375,-0.8534518760234878,-0.7821940639937002,-0.24389654599266006,-1.0987972149572356,0.6125530498969481
32,3750,48,1418.309746991305,-1.325350668776966,-1.0845174670653988,-2.126558364539047,-0.844973801065171,-0.5401666615228499,0.4496014388117547,1.7489351583523876,-1.212420327353753,-1.6057345224000523,-1.102939443941877,1.341553066130896,0.3715645121770093,-0.3354120034340899,-1.0987972149572356,0.6125530498969481
70,4081,91,4189.931720186165,0.32389867483723855,0.7226458157909562,0.45211664038069665,0.8872642803522207,0.49053837892447655,-1.0385747644227592,0.4565508868862346,1.4470191871641125,1.1635803366973685,-1.2795288599936459,-0.3835201634208818,0.17115440621968855,-0.11746823564387977,0.3581403891754813,0.6125530498969481
40,4050,78,986.1881645250735,-0.032314561664763805,-0.6744109272506593,-0.026863925151019152,0.15962811472572122,-0.02965490558042674,-0.8209747620312199,-0.38127720177114266,-1.6270516236131045,-1.199238322126377,0.6923240937679691,0.643318740239679,-0.3851616460014546,-0.38868072526994696,0.3581403891754813,0.6125530498969481
58,3250,82,2876.3332980671166,-0.6062784637407727,0.07620224590010687,-0.0763560923643278,0.2128043540403945,-0.9220812277039356,-0.6142542984789047,0.4843468549194807,0.18658916323670852,0.01703484187169807,0.007245147886748601,0.8477740600370556,-0.5579800636071004,1.0467988826606254,-1.0987972149572356,0.6125530498969481
36,6200,80,2586.2824466747024,0.19223640522195165,-0.41769469988544683,0.040225959143666015,0.7800662444554312,0.6046150057754334,-1.2683636764663306,-0.38127720177114266,-0.09172176908837011,-0.4912534379026085,0.7159264724323372,0.20928980457225407,0.08813674575466245,0.21061431129084868,0.3581403891754813,0.6125530498969481
18,3798,59,1121.5663249477461,-0.016154254822693285,-1.7978331880954055,0.6025604095471382,0.6581529004723541,-1.5362886608469797,0.05539420530459672,1.3256903474991255,-1.4971529459749755,-1.8227310098814986,3.244143832516816,-0.7227012651918747,-2.532041574074914,1.1717918280150017,-1.0987972149572356,-1.6325116659989423
64,5080,89,2245.308173989908,0.07285429708143303,0.3687770077049723,0.19889686756655064,-1.065526666446129,0.09310267904364704,-0.41730816701513446,-0.007652219826546156,-0.4188949777661247,-0.4912534379026085,0.0578612934555406,0.696881263144984,-0.21695551051769307,0.3157167801732887,0.3581403891754813,0.6125530498969481
39,3960,85,3181.7295782263,1.5385405048171197,0.6270233788095004,1.6596984763696159,0.5743878482457949,-0.2830793027641169,-0.2291946039516519,0.28521337265469604,0.47962441223420943,0.6005650532112241,0.9028169700855416,0.060686441260878146,-0.18755746504191123,0.6531607921467731,0.3581403891754813,-1.6325116659989423
57,3734,71,4189.931720186165,2.0814087245310535,-0.053119072030679164,2.0745110253518426,1.7894598445809415,0.18093160634185956,-0.19986039048010187,-1.4016057556008417,1.4470191871641125,1.1635803366973685,0.03258838544133381,-1.1512760702749985,0.5508174598984344,0.588132005042997,0.3581403891754813,-1.6325116659989423
77,3978,65,3260.475653239477,0.44731983648627993,0.9459121453121655,0.9981257653310152,0.13070930320260554,-0.4884823808240123,2.0175449906937217,-0.007652219826546156,0.5551832097645348,0.01703484187169807,0.7629678942848166,0.4095619963667674,-0.3219660797371311,0.8640401310539175,-1.0987972149572356,-1.6325116659989423
36,3720,49,531.4051649014377,-1.573884547087589,-0.6744109272506593,-0.5672974061145423,-0.431205973875573,-0.8828942952654918,2.824358271392033,3.0577741497916087,-2.063427107509237,-2.1983538567064675,0.38030884250552255,0.060686441260878146,-1.240125335646193,1.7214721572963374,-1.0987972149572356,0.6125530498969481
60,3830,71,2516.1681992532613,1.1777701862323602,-0.12094221917214974,0.9403535579303817,1.0289323140850855,-0.5714816336528199,-0.6142542984789047,0.08990169471617543,-0.15899811554781332,-0.5579571392876599,0.7159264724323372,0.060686441260878146,-0.19242334963793736,-1.6010258303560954,-1.0987972149572356,-1.6325116659989423
52,3300,64,1928.3344679735446,-0.9444124019590653,0.13799295441079093,-1.1419646671461603,-1.106552791365331,-0.4673816430927015,0.12366360001576755,-0.38127720177114266,-0.7230390518843525,-0.8700943318940553,-0.48865480430561903,-0.28448920152158647,-0.09231237800894349,0.05992819474941463,-1.0987972149572356,0.6125530498969481
62,4378,75,1749.6764327700098,-0.10337429751099801,0.3133361961439693,-0.03665058865724941,-0.7502317576043804,0.473658251857913,-0.6142542984789047,-0.4536989836978673,-0.8944658348300512,-0.35347352257287784,-0.6514933665420364,0.4095619963667674,-0.08542366411709376,0.8594085730174283,0.3581403891754813,0.6125530498969481
61,4402,58,3260.475653239477,-0.5528508724705771,0.4756588429698257,-0.5959912019559986,-0.38674238750608864,0.3383671391568183,0.12366360001576755,0.23641393781517428,0.5551832097645348,0.6005650532112241,-0.3026284436876273,1.0718935453228027,0.697465996493578,1.1878115171694712,0.3581403891754813,0.6125530498969481
69,3255,67,597.5575564186181,-0.26613095122405717,0.675328745331237,-0.04538054254823845,0.6372692488918638,0.3812774209451592,2.4385556153715937,1.1454418178263641,-1.9999522593221113,-1.886083615874445,0.6923240937679691,0.2788113855351543,-0.45101249528195664,1.0004401641521368,0.3581403891754813,0.6125530498969481
57,2830,61,2876.3332980671166,-0.9712020358051007,0.675328745331237,-0.09227483353597288,0.49741520841155135,-1.3196045030486936,0.4496014388117547,-1.09776212520345,0.18658916323670852,-0.20978440474634713,0.6449537276656453,-0.10280094841912382,-0.8865214022492534,-0.6719276097828123,-1.0987972149572356,0.6125530498969481
57,3084,53,2876.3332980671166,0.8795000394353132,-0.41769469988544683,1.4548585971366912,1.0703723111886714,-0.01610384090631533,-0.37900648471193404,0.4269933387118193,0.18658916323670852,-0.35347352257287784,0.5014836937996878,0.060686441260878146,-0.8600479604830834,0.1579836484338965,0.3581403891754813,-1.6325116659989423
46,2217,63,1168.6178607753586,-1.187862018962889,-0.3392340437249904,-0.10597880293695448,0.7330114910364504,-1.7981849544271413,0.4496014388117547,0.4565508868862346,-1.4520058390430488,-1.6057345224000523,0.47736869024981116,-1.3233835886260938,-1.1354121026551938,0.6586137081000044,-1.0987972149572356,-1.6325116659989423
50,2852,100,1315.5467437618947,-0.02091149668294369,-0.8676768730139961,0.6567357707654795,1.2985527019115968,-2.045983328948151,-3.409405941609676,-2.1844360205206956,-1.3110239587515067,-1.6057345224000523,1.5104862816404492,-1.1512760702749985,-2.238896455221811,0.6424280464371165,-1.0987972149572356,-1.6325116659989423
35,5050,27,597.5575564186181,-0.1958056778188949,-1.9916231295773121,-0.6134135048771966,-0.4001047041054975,-0.3678919688749011,-1.0385747644227592,-0.5948985251698033,-1.9999522593221113,-0.9851988400469104,0.8564097284492161,-0.28448920152158647,-2.095137673989544,0.023494934030623405,-1.0987972149572356,0.6125530498969481
57,4100,56,4012.3174017613046,-0.9593874737028972,0.2564541555541443,-1.1683997786233544,-1.8298731617089106,0.7124516289319573,-1.0385747644227592,-1.9172502443319375,1.2765938761615636,0.7816568116943878,-0.5968513856813783,1.2689406411191924,0.671031984931584,0.6122794462548401,0.3581403891754813,0.6125530498969481
34,5290,54,2378.8185817845842,0.47755939224291455,-0.7684736752694478,0.02206057533204511,0.6076971359324965,0.6002430654648441,-0.013985659609939928,0.7695852834024004,-0.29078845475452025,0.25767565625110594,0.0830645638304953,-0.3835201634208818,0.3051838641850553,-0.35414472701525984,0.3581403891754813,0.6125530498969481
72,3400,74,2447.013542674721,-1.009329663155185,1.0705183742130722,-0.24380491106868193,0.13380907960697694,-1.141701429010402,0.12366360001576755,0.31220519615957604,-0.2253537109704769,-0.7494672137091747,0.621184811174139,0.7487430981377603,-0.9158972344651218,1.388492727058605,-1.0987972149572356,-1.6325116659989423
42,3710,37,2729.389301911995,0.7075203691427374,-0.6744109272506593,1.3503142996474367,0.7183237382392701,-1.3300133807260348,0.12366360001576755,1.3674797929567883,0.045592781487855547,0.09569733284866454,0.9028169700855416,-1.3233835886260938,-0.8105489177654445,0.43097979566641265,-1.0987972149572356,-1.6325116659989423
53,4834,58,3260.475653239477,1.0568678491204693,-0.3392340437249904,1.1166147503392894,1.5846146929017697,-2.1386086248808036,1.0360807080301793,-0.4854840926797661,0.5551832097645348,0.4259346495311623,1.7703640987717493,-1.1512760702749985,-0.6289803295052765,-2.3077794288064197,-1.0987972149572356,-1.6325116659989423
24,3372,15,859.4781111127844,-1.8180119564571473,-1.204141438433242,-2.2187906689819967,-1.5531623993304815,-0.399432688473765,-0.2291946039516519,1.9173214267048797,-1.7486330391850395,-1.7549633934685398,-0.7341609556836695,-2.2835393318336408,0.8439180686922896,0.6869027162535193,-1.0987972149572356,0.6125530498969481
37,2664,60,2729.389301911995,0.38413247963547137,-0.9727316677869278,1.0621180219031379,0.7741724525366295,-1.7808474609993439,0.4496014388117547,-0.38127720177114266,0.045592781487855547,-0.060091883356808096,1.0179463816947247,-0.019012808716357025,-1.7246919599680892,0.9470914231398609,-1.0987972149572356,-1.6325116659989423
58,4730,74,3585.045215850244,-0.2544058950446047,-0.053119072030679164,-0.430240142165721,0.23329315280482474,1.116502677554239,0.12366360001576755,0.07669669114387034,0.8666156952783766,0.8746535950171559,0.33141144399481504,0.5879401964775927,0.32421649717572715,0.19206025897226356,0.3581403891754813,0.6125530498969481
66,5490,83,2447.013542674721,0.7586031155182656,0.9029060992795955,0.4228600019340756,-0.47892596256981107,-0.81539007164612,-2.669140354284214,-1.4016057556008417,-0.2253537109704769,-0.5579571392876599,0.9490194931800552,-0.9955858819980911,-0.09428562614258186,-2.0025453648068874,-1.0987972149572356,0.6125530498969481
36,3678,56,1121.5663249477461,-0.9848886661914772,-0.5849046607537621,-0.7388440564582319,-0.24179621121322845,0.14730874547157527,-0.2291946039516519,-0.38127720177114266,-1.4971529459749755,-0.9283307329438812,-0.22412911897517096,0.7990089285165864,-0.09790909341634721,1.1062476078639207,0.3581403891754813,0.6125530498969481
13,2550,60,1366.4473002878658,-0.578062187260963,-2.8396721073260265,-0.7693537765588416,-1.7906089740186033,-1.7426375422051703,1.7915241613760515,1.171185067061469,-1.2621836217050806,-1.3460179845367914,1.1318449172048743,0.8951255085680089,-0.5122181507519814,0.5491947203596109,-1.0987972149572356,0.6125530498969481
79,5700,84,3027.1136463166717,0.10337309901163497,1.1501937769220463,0.020979657316502955,-1.211189781762898,1.8838544256866507,1.3023649764046783,-0.9606431574678065,0.33126661926272183,0.7816568116943878,-1.3393806834015403,1.5418252579254095,1.6671874383742777,-0.11514724291492597,1.8150779933081982,0.6125530498969481
37,2980,44,986.1881645250735,-1.7549265793613273,-0.4994689411839057,-1.313668369839305,0.1626053268429564,-0.8815958708025662,-0.2291946039516519,-1.7565250579131293,-1.6270516236131045,-1.5654940694465738,-0.5696679334896119,1.0718935453228027,-1.5272630165548016,1.6483292102548692,-1.0987972149572356,0.6125530498969481
32,3119,78,1265.6082205539653,-1.9390108811563014,-0.9727316677869278,-0.7629186781271848,0.23598171116388988,-0.2574130404925574,0.12366360001576755,-0.14048620591693609,-1.3589412011461273,-1.7193887069886764,-0.845749676894635,0.47121122188858366,-0.5014647257943616,1.2004453770945605,0.3581403891754813,0.6125530498969481
49,3555,64,942.988132781399,-1.4627613637733392,-0.2637884142137955,-0.9378525563862268,0.30627321086797704,0.1424118724317926,-0.2291946039516519,1.3533171893445106,-1.6685031175609324,-1.7549633934685398,-0.6789541283407586,0.696881263144984,-0.6387083356340864,0.7787629240961116,0.3581403891754813,0.6125530498969481
33,3650,21,499.7770420294138,-1.5931551764561338,-0.5849046607537621,-2.008108234925843,-0.7926275114108623,-0.007435867506012867,-0.2291946039516519,-0.007652219826546156,-2.09377507001977,-2.1196483779539492,-0.06921364143108587,1.2689406411191924,-0.7155779285019678,0.8633365970836673,0.3581403891754813,0.6125530498969481
36,6200,80,2876.3332980671166,-0.1878437964864065,-0.6744109272506593,-0.42843457418823366,-0.8518455715140616,0.6803911120003983,0.12366360001576755,-0.5948985251698033,0.18658916323670852,0.01703484187169807,-0.27638263533977875,0.9858994490492295,0.03681229130161451,0.8872771231352794,0.3581403891754813,0.6125530498969481
48,4600,88,2657.356181551054,-0.3038990065097782,-0.7684736752694478,-0.49673720789139514,0.1536363248892522,-0.6842446310366418,-2.669140354284214,0.31220519615957604,-0.023524770795469573,-0.4912534379026085,0.35589122750062535,0.2788113855351543,-0.5507695367467623,-1.04014295856422,-1.0987972149572356,0.6125530498969481
90,5678,72,1366.4473002878658,-0.8698747126236701,0.7226458157909562,-0.6334019862108408,0.20724118805424357,0.5989305859128776,0.6339700077405097,0.12257708758583981,-1.2621836217050806,-0.7494672137091747,-0.5155706927336406,-0.019012808716357025,0.57121250945797,0.4790440157700305,0.3581403891754813,0.6125530498969481
61,3530,81,3502.4652151653872,-0.1958056778188949,0.13799295441079093,-0.32454198313995414,-0.5141529033467143,0.5496316382343792,-1.0385747644227592,-0.09532026038541107,0.7873781516832565,0.4259346495311623,0.6923240937679691,0.9411429344911897,-0.42114799828728816,0.5583317964048392,0.3581403891754813,0.6125530498969481
36,3346,58,1579.6670366204157,-1.1258803468589633,-0.41769469988544683,-0.552755053050713,-0.7561123349498996,-0.7057596657603669,0.4496014388117547,-1.4016057556008417,-1.057594035693021,-1.481398373568703,1.4004471709358843,-1.515783424979524,-0.5630864110405578,1.3880263693131738,-1.0987972149572356,0.6125530498969481
61,4565,83,2802.3817071667036,0.41235903738366336,0.3687770077049723,-0.11671956519865996,0.02721611181237335,1.4857875891230328,0.4496014388117547,-0.7100928488101287,0.11563079124223473,0.3410143789166372,-0.27638263533977875,1.113250452842285,0.6299413831866394,-0.12289737550517488,1.8150779933081982,0.6125530498969481
55,3110,52,2516.1681992532613,0.299136483345346,0.3133361961439693,1.0601225176168763,0.6910194270697844,-1.6490231242923845,1.0360807080301793,-0.5069333484443382,-0.15899811554781332,-0.4230962065588109,1.4885635747884411,0.5306181538634841,-0.988609633554513,0.7584507489458626,-1.0987972149572356,-1.6325116659989423
46,3914,73,2586.2824466747024,-0.35541959601246137,0.012544204192919739,-0.5517248463097829,-0.9174876980877469,0.7632467647761073,0.4496014388117547,-0.8317407990918487,-0.09172176908837011,0.25767565625110594,-0.12055104982347017,0.5306181538634841,0.26350460425086814,0.5744667542321615,0.3581403891754813,0.6125530498969481
48,4500,71,1867.8210365112095,-1.1198984330443562,-0.053119072030679164,0.3010145825303664,0.2597408629272588,-0.21951294018390313,0.7526774067369608,-1.7565250579131293,-0.7811031790800594,-1.094880026424442,1.0636508731902279,-3.1179783991407715,-0.16719745956234305,-0.4796600384662045,0.3581403891754813,0.6125530498969481
68,5150,61,2876.3332980671166,-0.5085382375766303,0.675328745331237,-0.40089300828616137,0.2141884772793757,0.22723878076167214,0.12366360001576755,-0.8317407990918487,0.18658916323670852,0.9692990979140862,-0.06921364143108587,0.34549454598816776,0.11452965754145428,0.6512062468912446,0.3581403891754813,0.6125530498969481
62,5376,72,4100.645683375967,0.14328635277136295,0.19803987368047105,0.5600881790331139,1.0816436938410687,-0.28966104686054833,1.0360807080301793,0.8998829173504316,1.3613470368188663,1.467641878959388,-0.09484535878691201,-0.019012808716357025,0.9381177434833989,-0.678698663155967,0.3581403891754813,-1.6325116659989423
73,3214,34,4745.756330973894,-0.6902417843019272,0.8591123720558882,-0.6584133986484774,0.12603424105220834,-1.396243482107757,0.4496014388117547,-0.18659120673062196,1.9803465843944406,1.6789026453905742,-0.043655143285563025,-0.8534518760234878,0.23888457237644373,0.11381434544968615,-1.0987972149572356,-1.6325116659989423
86,7262,71,3668.583476425201,1.853192332420747,1.9228546444162873,1.597886409710886,1.4875334508014404,1.621901635050351,-0.6142542984789047,-0.38127720177114266,0.9467727128282987,1.467641878959388,-1.7100169908089125,-0.28448920152158647,1.9069021322888502,-1.4560007995477826,1.8150779933081982,0.6125530498969481
36,2600,83,1579.6670366204157,-0.5892444638969405,-0.7684736752694478,-1.311479143516128,-1.264692158327937,0.06671342579414018,-0.2291946039516519,0.4565508868862346,-1.057594035693021,-1.199238322126377,-0.6514933665420364,0.7990089285165864,-1.0882727843289703,0.5513527636856955,0.3581403891754813,0.6125530498969481
99,4762,65,2245.308173989908,0.29707458684257976,1.7730824130587486,0.03598708911959885,-0.005914869171841798,0.0980617514579351,-0.6142542984789047,-1.2442682363007733,-0.4188949777661247,1.6789026453905742,0.0830645638304953,0.060686441260878146,-0.20780387195287606,0.42229527092734204,0.3581403891754813,0.6125530498969481
19,4330,57,2052.2429896634862,-0.028697539858578702,-3.3612688093227097,-0.31255278187127394,-0.5471730267600209,-1.333739193520609,-0.2291946039516519,-0.38127720177114266,-0.6041457749675595,-0.7494672137091747,0.0830645638304953,-0.1911203270674524,-0.6985862721727822,-0.7069859961073378,-1.0987972149572356,-1.6325116659989423
33,1780,44,2516.1681992532613,0.9860229682318552,-0.9727316677869278,1.0854704640690527,0.6270083601755231,-0.8939510962294311,0.4496014388117547,0.6584548487864337,-0.15899811554781332,-0.6870519494859656,0.6923240937679691,-1.1512760702749985,-0.4711923484974094,-0.711454814787928,-1.0987972149572356,-1.6325116659989423
78,6540,62,4100.645683375967,1.6541376960742722,0.8144962912549331,1.785257225290381,2.02307212187992,-0.4101964618018934,0.4496014388117547,0.15797762173098692,1.3613470368188663,1.467641878959388,0.8796391417393972,0.13667737956055104,0.35058450733727714,-0.5621642774636598,-1.0987972149572356,-1.6325116659989423
24,4230,52,2876.3332980671166,-0.6593666169243518,-1.6267810138219474,-1.2173203479373083,-0.8182388420878753,-0.4552973717633608,0.4496014388117547,0.14998102338192104,0.18658916323670852,-0.35347352257287784,-0.3026284436876273,-0.8534518760234878,0.4527750480063785,0.6910753947257052,-1.0987972149572356,0.6125530498969481
64,7398,76,2586.2824466747024,-0.3399066933248414,0.3687770077049723,-0.369916637404251,0.5386644382875547,0.4301245042866015,-0.6142542984789047,0.8415717373961816,-0.09172176908837011,0.4259346495311623,0.621184811174139,0.8477740600370556,0.13592047314028685,0.25478408259346536,0.3581403891754813,0.6125530498969481
47,2744,42,3027.1136463166717,0.5604420603138844,-0.8676768730139961,1.2238834011408197,0.8082604696171843,-1.2267120141059193,0.4496014388117547,1.066451766681205,0.33126661926272183,0.09569733284866454,0.7629678942848166,0.34549454598816776,-0.8173371527370114,0.18362198066940585,-1.0987972149572356,-1.6325116659989423
39,4345,74,2802.3817071667036,-1.22043065033462,-0.3392340437249904,-0.8319934696566976,-0.4675980676605612,0.6220569582239497,-1.0385747644227592,-0.4432055516526116,0.11563079124223473,-0.20978440474634713,-0.1981197138629203,0.34549454598816776,0.6301507601355214,0.20009885883380166,0.3581403891754813,0.6125530498969481
72,3416,76,2311.5834229273605,1.1818724668938687,0.675328745331237,1.0148945562698897,-0.14762845649391362,-1.6006548393595166,-1.0385747644227592,-0.18659120673062196,-0.3553022448597683,-0.6870519494859656,0.4531942340637835,-0.601645107695158,-0.6808353813309567,0.07383039711171765,-1.0987972149572356,-1.6325116659989423
42,7425,46,2586.2824466747024,1.7458225566784131,-0.5849046607537621,1.5252359346605333,2.5565749719739888,0.7925984055207709,0.4496014388117547,0.7817410839369675,-0.09172176908837011,0.01703484187169807,-0.2502164792374274,-0.1911203270674524,0.32344932414554367,-0.2270212887322241,0.3581403891754813,0.6125530498969481
48,3728,41,2951.2439766727193,1.1605665458526928,-0.053119072030679164,1.5307384634333845,1.4502857346707396,-0.9135519513977952,0.5733801240946069,1.4066848531844798,0.25846780349494175,0.09569733284866454,1.813122382800205,-1.515783424979524,-0.8930685147799067,0.6129672664692677,-1.0987972149572356,-1.6325116659989423
37,3296,56,2586.2824466747024,1.659655050559874,-0.9727316677869278,1.7161752868027162,1.2186775488287007,-0.5848598009901799,-0.4559627311617417,0.7817410839369675,-0.09172176908837011,-0.28237352323745246,0.8331283179455142,-0.8534518760234878,-0.9292056824217575,-0.49407047664955506,-1.0987972149572356,-1.6325116659989423
29,3136,54,1867.8210365112095,0.4848700076886139,-1.4730544512765091,0.8804819321715971,0.21556995474047796,-2.096250590745348,-2.669140354284214,0.631425288232206,-0.7811031790800594,-1.094880026424442,1.813122382800205,0.2788113855351543,-1.3882216068549986,1.2379085623816553,-1.0987972149572356,-1.6325116659989423
52,2820,58,1692.045506602899,-0.9345601103576886,0.3133361961439693,-0.5517248463097829,-1.000017635415509,-0.02274554130217709,-0.6142542984789047,-0.777372599373459,-0.9497641272340495,-1.392393977623881,0.23285911133526874,0.060686441260878146,-0.841280087760175,0.5951182682778857,0.3581403891754813,0.6125530498969481
56,3075,68,2245.308173989908,-0.602846206685355,-0.12094221917214974,-0.6322804739620876,-1.0755146028246894,-0.007435867506012867,-2.048308048513365,0.8415717373961816,-0.4188949777661247,-0.9283307329438812,0.25759334859915606,0.8951255085680089,-0.7946393967190328,1.333899587914977,0.3581403891754813,0.6125530498969481
98,5520,92,4463.535557347664,1.7718161746322696,2.328985093693537,1.2322770374235155,-1.1507160945452137,1.3826050488587693,1.3486447395184986,0.5724019853941207,1.7095488044453089,1.6789026453905742,-2.036203154870672,0.4095619963667674,2.232585516876774,-2.202481190954777,1.8150779933081982,0.6125530498969481
29,5270,63,2447.013542674721,0.07338966804017936,-1.4730544512765091,0.005147973043358322,0.07918403546691355,0.9473048279223203,-0.2291946039516519,-0.8317407990918487,-0.2253537109704769,-0.5579571392876599,-0.1981197138629203,0.20928980457225407,0.2302322746314767,1.2609611413278519,0.3581403891754813,0.6125530498969481
37,4900,33,942.988132781399,-1.4320261129623773,-0.6744109272506593,-1.558246388907632,-0.05067400576780651,0.015414767758354089,-1.0385747644227592,-1.4016057556008417,-1.6685031175609324,-1.854952083311673,-0.4618260387652622,0.47121122188858366,-1.6139170936026428,0.7343318561957851,0.3581403891754813,0.6125530498969481
56,4030,53,3753.0799103562254,0.5822284608944125,-0.5849046607537621,1.1202673821558295,1.7620138884653844,-0.2130543614146971,-1.0385747644227592,-1.2442682363007733,1.0278491213014884,0.6902976719925955,1.3783101875984967,-0.601645107695158,-0.6645929172857235,0.6925161315041627,0.3581403891754813,-1.6325116659989423
89,5820,83,2876.3332980671166,0.9804181849709427,1.2651043449994013,0.33072841973188627,-0.6188310905150503,1.9442453259620027,0.2897201272175073,-0.1514642432737733,0.18658916323670852,1.2632379969775114,-1.0162263078285314,1.4110746470937963,1.4886487505922559,-1.1415277138917084,1.8150779933081982,0.6125530498969481
81,5140,79,4012.3174017613046,0.338968568736843,1.3388902885586311,-0.09785464923877887,-1.2789032854925582,1.4110262795548678,0.17750483379692922,-0.09174636885709443,1.2765938761615636,0.9692990979140862,-0.9021518863751777,0.696881263144984,1.4444266857341659,-1.2201395230955787,1.8150779933081982,0.6125530498969481
87,4340,67,4012.3174017613046,-0.6839833502231432,1.4803479884652577,-0.9960743700299987,0.07078414185244954,0.6911051395485793,0.4496014388117547,2.6517364721562924,1.2765938761615636,1.1635803366973685,-0.1981197138629203,0.5306181538634841,0.046536916303246495,0.4932801715583525,0.3581403891754813,0.6125530498969481
62,4080,83,2586.2824466747024,0.5507099612573032,0.6270233788095004,0.29871132648458665,-0.949138442282059,1.3063082494435967,0.4496014388117547,-0.7700634020695872,-0.09172176908837011,-0.28237352323745246,0.15826329539749684,0.7487430981377603,0.42641347989232603,0.34525871027154875,1.8150779933081982,0.6125530498969481
54,4095,64,3027.1136463166717,1.6834822982041746,-0.1910995085854955,1.7177111480100535,0.9152518309651748,-0.6358621845925833,0.12366360001576755,1.3674797929567883,0.33126661926272183,0.4259346495311623,1.532367013874801,-0.601645107695158,0.11859781231464181,0.03987446574376157,-1.0987972149572356,-1.6325116659989423
65,5650,75,4189.931720186165,0.2845976391877488,0.675328745331237,-0.041295405480533266,-1.1172801877673058,1.44215936800973,0.12366360001576755,-1.5715860927236946,1.4470191871641125,0.9692990979140862,-0.4618260387652622,0.7990089285165864,0.8478830787309943,0.19949768392661107,1.8150779933081982,0.6125530498969481
59,3140,50,1928.3344679735446,-0.727403035767334,0.6270233788095004,-0.08489100248516802,0.48218803881857747,-1.3909234819232947,-0.12022466923149915,0.14195578669882095,-0.7230390518843525,-0.7494672137091747,0.30686892312721825,-0.10280094841912382,-1.2478916300693557,1.0304739465259507,-1.0987972149572356,0.6125530498969481
44,3150,45,1635.37566510348,-0.7041618001642582,-0.12094221917214974,-0.28211010117224,-0.24179621121322845,-1.0288789635676352,-0.2291946039516519,0.956752752058499,-1.0041402352396067,-1.1477182127095475,0.5734771377015533,-1.3233835886260938,-0.6912842205744246,1.6250478856166704,-1.0987972149572356,0.6125530498969481
57,3344,48,3420.8435619247275,0.9325862788248881,0.3133361961439693,1.6204599530494332,1.086999257554847,-1.4114938112785376,1.5536080298286021,2.020927484273434,0.7090601660532498,0.8746535950171559,0.35589122750062535,-0.488944521318963,-0.7584791088066984,0.8053737292583836,-1.0987972149572356,-1.6325116659989423
57,4440,87,1867.8210365112095,-0.06995955266305537,0.13799295441079093,-0.12182065199204371,0.6769980867983897,0.6885362644273548,-0.8635857371871479,-0.7338825410642374,-0.7811031790800594,-0.9283307329438812,0.007245147886748601,0.696881263144984,0.1159837155745499,0.3982986440722399,0.3581403891754813,0.6125530498969481
73,2800,65,1928.3344679735446,-0.5474611200147486,0.42285937607467217,-0.369916637404251,-0.9912281496306625,-0.9850785240587809,-0.2291946039516519,0.4565508868862346,-0.7230390518843525,-0.9851988400469104,-0.14633148248231995,-0.9955858819980911,-0.7679308655684332,0.6973905218509036,-1.0987972149572356,0.6125530498969481
46,3644,37,1524.9197517524358,0.33265580572465414,-0.12094221917214974,-0.46617441422578015,0.6814533752195652,-0.3735042485964829,0.548905533846895,0.5604113933217344,-1.1101254032815964,-1.1477182127095475,0.25759334859915606,0.4095619963667674,-0.4614787189479588,-1.1432721411267768,-1.0987972149572356,0.6125530498969481
70,5160,62,3924.9469571113714,1.44521127105438,0.7226458157909562,1.0385868662355267,1.8388062589232614,0.26304304288094843,0.8108421980583805,-0.15881325414349018,1.1927597836517578,1.1635803366973685,-0.018169123018266124,-0.9955858819980911,0.44545797936702314,-1.9911171233848068,0.3581403891754813,0.6125530498969481
68,4488,83,2951.2439766727193,-0.004958337490482367,0.42285937607467217,0.3281404783037218,-0.06900478214199397,0.7783672242636009,0.4496014388117547,0.47881486239819887,0.25846780349494175,-0.28237352323745246,-0.7619093999483375,0.2788113855351543,0.2893218839079174,0.8260984518723025,0.3581403891754813,0.6125530498969481
48,3825,69,1121.5663249477461,-0.5157754807972278,-0.2637884142137955,-0.3648548132680998,-0.5345902777664516,0.4770398521241707,0.6339700077405097,0.9857796287851013,-1.4971529459749755,0.4259346495311623,-0.4084259016153431,-0.7227012651918747,0.21607293964752927,-0.24685123457704145,0.3581403891754813,0.6125530498969481
71,3994,42,2802.3817071667036,-0.5126667492758133,0.9029060992795955,-0.6311602754168675,-1.2789032854925582,0.9625950037563699,-0.6142542984789047,-0.18659120673062196,0.11563079124223473,-0.4230962065588109,-0.7897561601567338,0.20928980457225407,0.6970660064402734,1.043406788222622,0.3581403891754813,0.6125530498969481
34,2760,48,2876.3332980671166,-0.5116328625522535,-0.7684736752694478,0.1614484026985064,0.2902595832078523,-1.0424734859036977,0.12366360001576755,0.45375244544118093,0.18658916323670852,-0.35347352257287784,0.2822630870249347,-1.9857151375821298,-0.7537702079521837,0.496482758222598,-1.0987972149572356,-1.6325116659989423
93,4060,63,2876.3332980671166,2.131797699366616,1.1890885687490678,2.1215012615845956,1.235943436070582,0.17777648132971624,-0.14179539883908043,1.4543323149585328,0.18658916323670852,1.2632379969775114,1.0179463816947247,-0.019012808716357025,0.170310827182809,-1.437905535975106,0.3581403891754813,-1.6325116659989423
96,6770,66,4371.376736751873,0.785081536783731,2.354101083761265,0.293310779140834,0.40103590338053213,1.6996951338517094,-0.2291946039516519,-1.09776212520345,1.6211201473361683,1.467641878959388,-0.5968513856813783,-0.601645107695158,1.4431776157179133,-1.454474618297499,1.8150779933081982,0.6125530498969481
40,2624,44,1121.5663249477461,-0.805106328380466,-1.204141438433242,-0.7276442458726137,0.1945650196537428,-2.7232092507461854,-0.2291946039516519,-0.5948985251698033,-1.4971529459749755,1.6789026453905742,1.4665986044009738,0.34549454598816776,-1.6697198684887762,-0.2192679496527438,-1.0987972149572356,-1.6325116659989423
25,3700,48,1867.8210365112095,-0.628319906264202,-1.0845174670653988,-1.2014181888893443,-0.44551928585790695,-0.34274287756054267,-1.0385747644227592,0.9735435765255882,-0.7811031790800594,-1.2494530951634284,-0.43508339754859504,-0.601645107695158,-0.2627086709293968,0.2035377993032928,-1.0987972149572356,0.6125530498969481
42,5062,68,1121.5663249477461,-0.043867890391065506,-0.3392340437249904,-0.1116484284915398,0.752174465758969,0.4237367718403794,0.4496014388117547,0.6750283477361848,-1.4971529459749755,-0.1356944211524122,-0.2502164792374274,-0.3835201634208818,-0.12549626589483603,0.4875059369550033,0.3581403891754813,0.6125530498969481
50,3860,39,1635.37566510348,-0.8179928307605433,-0.3392340437249904,-1.3202628273561652,-0.8248132324389372,0.1424118724317926,0.4496014388117547,-0.5069333484443382,-1.0041402352396067,-1.1477182127095475,-0.5968513856813783,-0.019012808716357025,0.16974819996112464,0.581203208331948,0.3581403891754813,0.6125530498969481
40,3620,31,3838.5344321060197,-0.8607730933120697,-0.2637884142137955,-1.2273816009701404,-0.9740319705249556,-1.2974147564820286,0.4496014388117547,-0.9606431574678065,1.109844838622803,0.6005650532112241,-0.17218743851993448,-0.1911203270674524,-0.3843871007626564,0.6852252469486607,-1.0987972149572356,0.6125530498969481
48,3000,61,1121.5663249477461,-1.3655929791790238,0.2564541555541443,-0.9517104153928454,-0.721640291085043,-1.1674301958517874,-0.2291946039516519,-1.7565250579131293,-1.4971529459749755,-1.481398373568703,-0.12055104982347017,-0.488944521318963,-1.220536883217599,1.6541227110106291,-1.0987972149572356,0.6125530498969481
73,5900,73,4841.744437116298,-0.3347947210987924,0.7226458157909562,-1.0273153927462602,-1.3559697713457746,1.6114775799679804,0.7526774067369608,-0.7100928488101287,2.072449535254145,1.6789026453905742,-0.9305096236198235,-0.8534518760234878,1.2772327683754374,-1.2984342148597396,1.8150779933081982,0.6125530498969481
43,4190,54,2447.013542674721,-0.6630173945723599,-0.2637884142137955,0.019897344884858746,-0.2717006389429036,0.0627145062529262,1.5536080298286021,-0.9606431574678065,-0.2253537109704769,-0.7494672137091747,0.5495374102901839,-0.019012808716357025,-0.17063178502208903,0.6956626676393577,0.3581403891754813,0.6125530498969481
38,4830,66,986.1881645250735,-0.5858753958239299,-1.6267810138219474,-0.49382889549771775,0.9643233998613193,-0.05870817156231771,-1.0385747644227592,-0.007652219826546156,-1.6270516236131045,0.6902976719925955,0.15826329539749684,-0.9955858819980911,-0.25620337050149916,0.7030715586606741,0.3581403891754813,0.6125530498969481
89,4200,62,3924.9469571113714,-0.3356446968305961,1.5482723599064572,-0.3133471103113865,-0.28009340678382877,1.3451696241042976,-0.7287469520785289,1.536331653017786,1.1927597836517578,0.6902976719925955,-0.9305096236198235,-0.488944521318963,1.2116499685694828,0.008880451170797382,1.8150779933081982,0.6125530498969481
22,3500,35,2729.389301911995,0.3702274988812827,-1.204141438433242,0.840464394481643,0.18166184939151506,-1.8402230679700669,0.437026676513818,0.5684121415197002,0.045592781487855547,0.9692990979140862,1.3116354267818913,-3.780309948096807,-0.9912550775306536,1.237816320788867,-1.0987972149572356,-1.6325116659989423
63,3635,85,3103.942211573207,-0.3792027938022357,0.5776799288914052,-0.5333714638444964,-1.3559697713457746,0.4621398389290514,0.15066888890102867,0.3550234738488856,0.404985518976676,0.25767565625110594,-0.12055104982347017,1.231387019584252,-0.019585210066804658,0.14977759286553063,0.3581403891754813,0.6125530498969481
98,5910,99,4012.3174017613046,1.8306360473599794,2.452443922292768,0.8360158508577998,-0.5061565996033315,1.981410306111448,0.8966657965552619,0.559075194114214,1.2765938761615636,1.2632379969775114,-1.5221214688076337,1.6334479958237178,2.33053015414705,-4.029960629857285,1.8150779933081982,0.6125530498969481
55,6200,96,2115.6378454067035,1.0433904002673355,-0.2637884142137955,0.663410627600749,0.9412284493768915,1.0005868453678388,-0.6142542984789047,-0.18659120673062196,-0.5433168502400174,-0.5579571392876599,1.0864302146786262,0.9411429344911897,-0.09001309276925237,-0.6518520840381169,0.3581403891754813,0.6125530498969481
60,3990,67,3585.045215850244,2.2262987458124375,0.3133361961439693,2.0652346851094014,1.7786220096058747,-0.09605583656555074,0.25701902020397893,-0.262417202994713,0.8666156952783766,0.3410143789166372,1.040823052329025,-0.3835201634208818,0.05741037916067402,0.7668298958277545,0.3581403891754813,-1.6325116659989423
62,4970,58,2586.2824466747024,-1.1139539295533867,0.4756588429698257,-1.249857079077316,0.3147530959025511,0.2677926601421741,0.5119327660679461,0.956752752058499,-0.09172176908837011,-0.4912534379026085,0.03258838544133381,0.9858994490492295,0.2587171655003692,0.08681234085794645,0.3581403891754813,0.6125530498969481
66,4140,80,2311.5834229273605,-0.4315734461457281,-0.12094221917214974,-0.5992336650914178,-0.9022691057091234,0.04316040253595542,-0.6142542984789047,-0.22417915185443274,-0.3553022448597683,-0.7494672137091747,0.5973594417391935,0.7990089285165864,-0.5584050678317484,-0.3888981020250061,0.3581403891754813,0.6125530498969481
45,6140,86,1928.3344679735446,0.7595551039557205,-0.4994689411839057,0.3632603571840615,0.4907911797800222,0.5006331677019721,2.4385556153715937,-1.7565250579131293,-0.7230390518843525,-0.6232192944825511,-0.48865480430561903,0.8477740600370556,0.1290131548058799,-1.1354180535607024,0.3581403891754813,0.6125530498969481
37,4110,62,2586.2824466747024,1.132693608594835,-0.6744109272506593,1.2929472324042766,0.21556995474047796,-0.9339268603208138,-0.2291946039516519,-0.5948985251698033,-0.09172176908837011,0.09569733284866454,1.3561294433902287,-1.1512760702749985,-1.938981577108127,0.7575553539845039,-1.0987972149572356,-1.6325116659989423
29,4860,47,2657.356181551054,0.24076178143400678,-1.7978331880954055,0.386968324484403,1.2029807928286214,-1.770924973792436,0.4496014388117547,0.6635672183793232,-0.023524770795469573,1.1635803366973685,0.9490194931800552,-1.3233835886260938,-0.37511798509969513,-1.9631037999176166,-1.0987972149572356,-1.6325116659989423
46,3735,74,2876.3332980671166,0.08824773074776612,-0.1910995085854955,-0.5981516140813559,-1.4079726500278762,0.8876420774712049,-1.0385747644227592,-0.5948985251698033,0.18658916323670852,-0.1356944211524122,-0.845749676894635,1.0718935453228027,0.6696059270201028,0.008415603154037641,0.3581403891754813,0.6125530498969481
66,6110,68,3753.0799103562254,-0.8122434318233117,0.6270233788095004,-1.2033929563374504,-1.0365500942946195,0.9141252420783167,-1.3159168023606214,-0.550473254176688,1.0278491213014884,1.3645882269351624,-1.2795288599936459,0.34549454598816776,1.4626718153826495,0.9395992751289203,0.3581403891754813,0.6125530498969481
80,5490,68,3924.9469571113714,0.1852097286503146,1.1501937769220463,-0.4689973181040081,-0.9912281496306625,1.9910590659179963,-0.2291946039516519,-1.9594513469023465,1.1927597836517578,0.6902976719925955,-0.5425747226939668,1.0294623131395182,1.4087161707952758,-0.11231007041167951,1.8150779933081982,0.6125530498969481
38,5800,84,3181.7295782263,-1.308258976926581,-0.41769469988544683,-1.356128824646746,0.2952242791684142,0.6480837816681111,-0.6142542984789047,-1.09776212520345,0.47962441223420943,0.25767565625110594,-0.9589736432806009,1.0294623131395182,0.8015967825477371,1.0523940515727441,0.3581403891754813,0.6125530498969481
82,5976,70,4280.175431313631,1.0190310418743465,1.3749937779595973,0.7881001855829313,-1.658361763019646,1.574283462969669,3.2825891707294645,-0.18659120673062196,1.5336102495926123,1.467641878959388,0.38030884250552255,0.13667737956055104,1.375404893733151,0.5900257249092726,1.8150779933081982,0.6125530498969481
82,4768,77,3924.9469571113714,0.33027640721709517,1.5482723599064572,-0.34077977642032076,-1.0089401426438158,1.1570367062804472,0.12366360001576755,0.4565508868862346,1.1927597836517578,1.2632379969775114,-0.8177024914772081,1.4110746470937963,1.0757286677847484,0.3296908761245627,0.3581403891754813,0.6125530498969481
31,5420,70,3420.8435619247275,0.7290259948552864,-0.5849046607537621,0.38799773554180855,0.9147015859817643,0.7653500535832432,1.0360807080301793,2.020927484273434,0.7090601660532498,0.8746535950171559,-0.4084259016153431,0.2788113855351543,0.7135737229763609,-0.4827291017620253,0.3581403891754813,0.6125530498969481
52,4100,64,3668.583476425201,-0.9831669114228405,0.2564541555541443,-1.052668780513983,-1.3900837948934837,1.1570367062804472,-1.5119094043589478,-1.2442682363007733,0.9467727128282987,0.6902976719925955,-1.22018114926161,1.4777578075468099,0.9284721944119869,0.7248839282713602,0.3581403891754813,0.6125530498969481
28,4860,81,1692.045506602899,-1.1793612904171202,-1.7978331880954055,-1.335808250584777,0.849941859466046,-0.01508306179876824,0.4496014388117547,-0.18659120673062196,-0.9497641272340495,-1.392393977623881,-0.43508339754859504,-0.019012808716357025,-0.617108365927878,0.34414815040389946,0.3581403891754813,0.6125530498969481
54,4425,72,3502.4652151653872,0.2999598505484552,0.19803987368047105,-0.251186820637223,-0.21316481794747663,0.8019899920325411,-0.6142542984789047,-0.007652219826546156,0.7873781516832565,0.6005650532112241,-0.22412911897517096,0.47121122188858366,0.28251285425200917,0.386670850285873,0.3581403891754813,0.6125530498969481
50,4100,79,1749.6764327700098,-0.5209804276467489,-0.12094221917214974,-0.5394495289192723,0.5278827188663581,-0.11329713689841309,-0.2291946039516519,0.4565508868862346,-0.8944658348300512,-0.20978440474634713,-0.845749676894635,0.13667737956055104,-0.30483583477479637,1.1612832334846228,0.3581403891754813,0.6125530498969481
31,3362,68,1524.9197517524358,-1.030795432266337,-1.0845174670653988,-1.039069317256311,-0.628386138396189,-0.3166591231457777,0.4496014388117547,-1.3214798055730637,-1.1101254032815964,-0.28237352323745246,-0.6789541283407586,0.5306181538634841,-0.7636719569184205,-0.31921606516062206,-1.0987972149572356,0.6125530498969481
20,6050,61,942.988132781399,0.656312133150369,-1.204141438433242,0.1321850974571828,1.008127569020998,0.6089823530815689,-0.2291946039516519,-1.014444468273074,-1.6685031175609324,-1.6057345224000523,0.621184811174139,-1.3233835886260938,-0.14944639468591678,0.6920693009318502,0.3581403891754813,0.6125530498969481
55,5220,90,3181.7295782263,0.09139881122043816,0.42285937607467217,-0.10912399167352864,0.7589060467809827,1.386441296986302,2.2538655181092837,-0.9606431574678065,0.47962441223420943,0.25767565625110594,-0.14633148248231995,0.2788113855351543,0.764478381565027,-0.6748340277684842,1.8150779933081982,0.6125530498969481
53,4600,81,3027.1136463166717,-1.2914652580055246,0.2564541555541443,-1.262319019742533,-0.14072124272825168,0.2511441271952387,0.12366360001576755,-0.4854840926797661,0.33126661926272183,0.01703484187169807,-0.2502164792374274,0.696881263144984,0.2450749205154074,-0.0496320603506397,0.3581403891754813,0.6125530498969481
70,4830,51,2802.3817071667036,0.7848509163200414,-0.1910995085854955,0.9649575131121805,1.753898283780728,-1.8112563614226775,1.5536080298286021,-0.8317407990918487,0.11563079124223473,-0.060091883356808096,1.8981817508098433,-1.7339083692537995,-0.4065905952790035,-2.532632697371791,-1.0987972149572356,-1.6325116659989423
79,4748,77,3924.9469571113714,2.822988062805341,0.675328745331237,1.94596474451516,1.7057405701743897,-0.7026779268500261,0.9808435903733325,1.076074016690313,1.1927597836517578,1.1635803366973685,1.333904627868098,-0.019012808716357025,0.5406264827823865,-1.356773117481754,-1.0987972149572356,-1.6325116659989423
79,4748,57,3924.9469571113714,0.6728554579110193,0.19803987368047105,0.3299898796868281,0.9097322620602105,-0.7023699032627505,0.9808435903733325,1.076074016690313,1.1927597836517578,1.1635803366973685,1.1318449172048743,-0.7227012651918747,0.4631012379706993,-1.5402339142480594,-1.0987972149572356,-1.6325116659989423
62,4748,58,3924.9469571113714,1.1450543392019052,0.13799295441079093,0.7286976975908533,1.1826364700910967,-0.7026779268500261,0.9808435903733325,1.076074016690313,1.1927597836517578,1.1635803366973685,0.8564097284492161,-0.28448920152158647,0.8237403153221827,-1.9177845690097923,-1.0987972149572356,-1.6325116659989423
51,5780,82,2447.013542674721,0.3322597004438236,-0.3392340437249904,-0.08489100248516802,1.1838238392664235,0.27964198004126445,-1.0385747644227592,-1.4016057556008417,-0.2253537109704769,-0.6232192944825511,0.23285911133526874,-0.28448920152158647,-0.4590582053102019,0.5096200269252782,0.3581403891754813,0.6125530498969481
48,4020,70,1524.9197517524358,-0.5615412723540008,-0.9727316677869278,-0.34077977642032076,0.09241998140341552,0.13014282232927557,-0.2291946039516519,0.4565508868862346,-1.1101254032815964,-1.5240531582747878,0.0578612934555406,-0.28448920152158647,-0.33284940244283134,0.3640466953127041,0.3581403891754813,0.6125530498969481
40,5400,97,2378.8185817845842,0.24384283258777772,-0.6744109272506593,0.011188250723066997,-0.7561123349498996,0.7017919204959063,-0.6142542984789047,-0.14963079133114482,-0.29078845475452025,0.01703484187169807,0.15826329539749684,0.643318740239679,-0.6280984021063717,-0.038357622451748286,0.3581403891754813,0.6125530498969481
34,2625,58,2378.8185817845842,0.8189606148914441,-1.204141438433242,1.5455558928314517,1.3006186600480962,-1.8539297490760829,-1.5119094043589478,0.9387067124886153,-0.29078845475452025,-0.4912534379026085,1.1996123641074883,-0.9955858819980911,-1.8512163846354668,0.5823320012198849,-1.0987972149572356,-1.6325116659989423
36,3820,48,900.7513906382784,-2.0454791616544923,-0.8676768730139961,-1.5232207201768324,-0.19307867368286977,-0.3343981078496482,-0.6142542984789047,-0.38127720177114266,-1.709030311422958,-0.28237352323745246,-0.3553625238528725,-2.2835393318336408,-0.3343556831845995,0.22049646941719708,-1.0987972149572356,0.6125530498969481
45,5050,69,1989.8084917461094,-0.4119235528306604,-0.1910995085854955,-0.4466515645670517,0.18598865828906008,0.2344255283436202,-1.0385747644227592,0.05172500660973829,-0.6640532127193101,-1.1477182127095475,1.2893215220075742,0.34549454598816776,-0.37088526166853,0.2777730324223892,0.3581403891754813,0.6125530498969481
45,4081,70,2802.3817071667036,-0.5230707724659576,-0.41769469988544683,-0.0947502822317212,-0.9022691057091234,0.5489673813859551,-0.2291946039516519,-1.4016057556008417,0.11563079124223473,0.25767565625110594,-0.48865480430561903,1.0718935453228027,0.395936010730769,0.7517989397658782,0.3581403891754813,0.6125530498969481
42,4250,67,1471.1339434283407,-0.5367762845676515,0.012544204192919739,-0.9241820444327393,-0.25794229884583064,0.3102865577817636,0.4496014388117547,-0.4854840926797661,-1.1617342104568764,-1.3460179845367914,0.23285911133526874,-0.019012808716357025,-0.36474599831746674,-0.02346414886251148,0.3581403891754813,0.6125530498969481
33,5180,85,1366.4473002878658,-0.6342094485939086,-0.9727316677869278,-1.0857037011407664,1.2971725737137616,0.014148844162083918,-0.2291946039516519,-0.8317407990918487,-1.2621836217050806,0.6005650532112241,2.934904988775743,-1.3233835886260938,-2.1046961629673473,0.48840324336676194,0.3581403891754813,0.6125530498969481
71,6350,83,3420.8435619247275,0.41235903738366336,0.8144962912549331,0.2874832189718084,0.9174490323886001,0.6588806117068091,-1.5119094043589478,0.7078187571324343,0.7090601660532498,0.6902976719925955,0.8564097284492161,-0.601645107695158,-0.05492086408215119,0.3280685278298941,0.3581403891754813,0.6125530498969481
52,4600,76,3668.583476425201,-1.7064634802962666,-0.2637884142137955,-1.44636381324485,0.48888785093970066,0.538546706109194,0.7526774067369608,-0.4854840926797661,0.9467727128282987,0.6902976719925955,-0.7065095991630403,0.7990089285165864,0.08013667059832047,0.5334002469618061,0.3581403891754813,0.6125530498969481
67,4730,67,3420.8435619247275,0.6536126906719799,1.0296888476949617,0.8426779868198009,0.815777704404397,0.4237367718403794,1.5536080298286021,3.8112409725817784,0.7090601660532498,1.0656043502924986,-2.828674303956084,-0.019012808716357025,1.6679355100154276,0.8149126251585059,0.3581403891754813,0.6125530498969481
60,4514,98,2657.356181551054,-0.571417914460562,0.13799295441079093,-0.271429816918448,-1.4079726500278762,0.6545652233846636,-0.2291946039516519,0.49124292155173377,-0.023524770795469573,1.1635803366973685,-1.0739217798372556,0.7487430981377603,0.6868289478523678,0.541795031701849,0.3581403891754813,0.6125530498969481
35,3600,78,2245.308173989908,-0.5847551261141802,-0.7684736752694478,-0.41057141369962685,-0.628386138396189,0.2152318024408838,-1.0385747644227592,-0.7822591318670264,-0.4188949777661247,-0.5579571392876599,1.1770700285932776,-0.019012808716357025,-1.5218293455062655,1.1468491418404205,0.3581403891754813,0.6125530498969481
50,4130,75,942.988132781399,-2.431564402220917,-0.053119072030679164,-2.104542754452261,0.5404465746821491,0.09310267904364704,-0.2291946039516519,0.720306207993199,-1.6685031175609324,-1.4375163915219222,-0.9875453814266576,1.0294623131395182,0.3525946969075402,0.8144996139821334,0.3581403891754813,0.6125530498969481
64,5860,84,3027.1136463166717,0.15845903736761868,-0.5849046607537621,-0.0800035102034036,-0.6889842338107853,0.7188345309434646,-0.2291946039516519,-0.9606431574678065,0.33126661926272183,0.5124477851823425,0.15826329539749684,0.8951255085680089,0.47614408376032097,-0.16607541321359,0.3581403891754813,0.6125530498969481
73,3750,83,3260.475653239477,0.30855761708274154,0.7690207208177242,0.434568285604426,-0.694309287317495,0.9906210769743672,0.12366360001576755,-1.5715860927236946,0.5551832097645348,0.5124477851823425,-1.0450179270912505,0.7487430981377603,0.9335572542834675,-0.01843847128128937,0.3581403891754813,0.6125530498969481
38,5520,53,2951.2439766727193,-0.0032035816267802675,-0.053119072030679164,0.037048823355109055,0.8244582066396593,-0.13482823435653962,-0.2291946039516519,-1.9594513469023465,0.25846780349494175,-0.28237352323745246,-0.4618260387652622,0.20928980457225407,-0.2500811103479073,0.9040109141784601,0.3581403891754813,0.6125530498969481
35,3936,88,1867.8210365112095,-0.8065293710478013,-0.3392340437249904,-0.6379012285170879,-0.37689610893187386,0.22723878076167214,-0.2291946039516519,-0.5948985251698033,-0.7811031790800594,-1.1477182127095475,-0.4084259016153431,0.7487430981377603,0.03620263546184313,0.7011280460678576,0.3581403891754813,0.6125530498969481
65,4624,55,3668.583476425201,-0.6927571105204793,-0.6744109272506593,-0.10786453887796292,0.502111266263199,0.22963581213625453,0.4496014388117547,-0.8468087346405592,0.9467727128282987,1.6789026453905742,-0.043655143285563025,-0.3835201634208818,0.15930465334087432,0.5256548549648711,0.3581403891754813,0.6125530498969481
52,3952,98,1030.3513167712815,-1.168840747257598,-0.053119072030679164,-1.114362426580797,-1.1507160945452137,0.1607436883483082,-1.0385747644227592,-1.3372646172018097,-1.584675991833187,-2.32584996579349,-0.22412911897517096,-1.1512760702749985,0.15732135635104066,0.26085686514922973,0.3581403891754813,0.6125530498969481
69,6300,60,2245.308173989908,-1.5612445059649593,0.2564541555541443,-1.4688665677704165,-0.27448654623298974,0.1362821565272364,-0.2291946039516519,1.066451766681205,-0.4188949777661247,-0.9283307329438812,-0.7065095991630403,1.3766836801623437,0.3326309800566427,0.6858990294823579,0.3581403891754813,0.6125530498969481
52,4690,56,2586.2824466747024,0.8714476908710378,-0.2637884142137955,0.7890954192905252,0.7419671210529585,-1.4912463226655415,0.4496014388117547,0.3855304303319002,-0.09172176908837011,-0.4912534379026085,0.9720449849419147,-0.10280094841912382,-1.4921783297372369,-1.386027460391916,-1.0987972149572356,-1.6325116659989423
76,3700,61,2729.389301911995,0.039001183634512195,0.5776799288914052,0.4571466728643761,0.11182218825857136,-0.4570212155969449,0.2504488257850399,0.6571749645449183,0.045592781487855547,-0.4912534379026085,0.20805976907672294,-0.1911203270674524,0.3157571241291543,0.5675115553117477,-1.0987972149572356,0.6125530498969481
70,5110,41,3668.583476425201,1.5529814262512438,-0.2637884142137955,1.78146479342251,2.033462656595394,-0.4147381473745046,0.524292089495936,1.4597682930680167,0.9467727128282987,0.9692990979140862,1.333904627868098,-1.515783424979524,-0.15864088609362925,-0.0018914340999885851,-1.0987972149572356,-1.6325116659989423
73,5928,100,3753.0799103562254,0.829512665953278,0.8591123720558882,0.7035607931359539,-0.5819923517098771,0.835008919022907,0.6339700077405097,0.12257708758583981,1.0278491213014884,0.8746535950171559,0.007245147886748601,-0.019012808716357025,0.6265873133132989,-0.3772699807534504,0.3581403891754813,0.6125530498969481
82,6694,83,3838.5344321060197,-0.146318238132283,1.51453184767177,-0.6781964875177116,-0.694309287317495,1.8838544256866507,0.4496014388117547,-1.09776212520345,1.109844838622803,0.9692990979140862,-2.2757615951837606,-0.10280094841912382,1.2718852721740328,-1.2951973889443846,1.8150779933081982,0.6125530498969481
65,5000,55,95.87491149981057,-0.35541959601246137,-0.2637884142137955,0.02421824117137407,-0.2972019675334946,-0.4315349946892218,3.1807271541080584,0.5922469197789686,-2.4813291074450827,1.467641878959388,0.5495374102901839,0.47121122188858366,-0.560957095452124,-0.8608234292812997,-1.0987972149572356,0.6125530498969481
51,5900,52,1265.6082205539653,-0.9883416514249678,-0.3392340437249904,-1.5021998597412747,-0.7272538841097254,-0.25605278437406587,-0.2291946039516519,0.4397081364883677,-1.3589412011461273,-1.5240531582747878,-0.5425747226939668,0.2788113855351543,0.03955301857300391,-0.27029545708802344,0.3581403891754813,0.6125530498969481
83,7350,73,4371.376736751873,-0.6085738034593229,1.6144757210802636,-1.3838278284984231,-2.028489116527091,1.5325467164599382,0.4496014388117547,-0.8317407990918487,1.6211201473361683,1.6789026453905742,-1.5841549225823564,1.1929497028195202,1.6684027996412942,-0.05269343181828984,1.8150779933081982,0.6125530498969481
82,4875,66,3340.1803447267753,-0.2932919109065563,0.9459121453121655,0.03757918532039625,0.4812260334227036,0.6413757165310602,0.4496014388117547,0.07669669114387034,0.6316618234008086,0.25767565625110594,0.7159264724323372,0.060686441260878146,0.516877927903643,0.7612159354019669,0.3581403891754813,0.6125530498969481
72,4375,89,3502.4652151653872,0.2525853496490704,0.2564541555541443,0.4677262628088088,0.01816909685153841,0.6750238258559333,-0.2291946039516519,0.4565508868862346,0.7873781516832565,0.25767565625110594,-0.43508339754859504,-0.28448920152158647,0.4726613226772955,-0.12785129095070955,0.3581403891754813,0.6125530498969481
36,6484,64,3181.7295782263,0.942913563469059,-0.5849046607537621,0.8063838390011772,1.0279763910974948,0.49390607097335004,0.7526774067369608,-0.38127720177114266,0.47962441223420943,0.17590711389826053,0.1332649014169342,-0.3835201634208818,0.4504184957636033,0.21860517528585827,0.3581403891754813,0.6125530498969481
56,4180,71,2447.013542674721,-0.5199370532617784,0.012544204192919739,-1.0239816712165557,-0.29145025136329783,0.3196686173908399,-1.5119094043589478,1.066451766681205,-0.2253537109704769,-0.7494672137091747,-0.7065095991630403,1.0294623131395182,0.4468768985352348,0.6895001929484448,0.3581403891754813,0.6125530498969481
53,3504,72,3103.942211573207,1.1499160787312135,-0.7684736752694478,0.9595501418986464,-0.07314506384833197,-0.5714816336528199,-0.6142542984789047,0.720306207993199,0.404985518976676,0.09569733284866454,1.1770700285932776,-0.601645107695158,-0.6280984021063717,-1.2447396109936282,-1.0987972149572356,-1.6325116659989423
70,3600,58,1867.8210365112095,-1.0676923668614537,-0.053119072030679164,-0.5517248463097829,-0.6630195489235102,-0.7648398586414817,-0.2291946039516519,1.066451766681205,-0.7811031790800594,-1.094880026424442,-0.17218743851993448,-0.10280094841912382,-0.3662788831444254,0.5247722737567625,-1.0987972149572356,0.6125530498969481
68,5100,100,2447.013542674721,0.5583228139676684,0.012544204192919739,0.3604229752565132,0.3913281850542212,0.2152318024408838,0.2897201272175073,-0.20530535546750656,-0.2253537109704769,0.01703484187169807,0.0578612934555406,1.231387019584252,-0.07237775097556182,-0.6424456417672791,0.3581403891754813,0.6125530498969481
31,3880,47,410.6877741852075,-1.2226418278908087,-1.204141438433242,-1.1401016856010957,-0.10067963175366583,-0.17932884992884388,-0.41730816701513446,-0.20530535546750656,-2.1792584156981274,-1.7894061555299154,-1.9036274414904173,-0.1911203270674524,0.2893218839079174,1.0617669129675793,0.3581403891754813,0.6125530498969481
53,6950,79,2657.356181551054,-0.4526277643426101,-0.053119072030679164,-0.5223295887704753,-0.45279577970094953,1.3377930819000552,-0.2291946039516519,-0.007652219826546156,-0.023524770795469573,-0.060091883356808096,-1.3695004894439946,0.8477740600370556,1.1778949762804045,0.22266159842964445,1.8150779933081982,0.6125530498969481
57,4980,70,2115.6378454067035,-0.44012742581521186,0.19803987368047105,-0.5506957651927538,0.375970200174883,0.32201070401890103,0.12366360001576755,0.31220519615957604,-0.5433168502400174,-0.6232192944825511,0.47736869024981116,0.9858994490492295,-0.3453136948940068,0.7573674852694278,0.3581403891754813,0.6125530498969481
35,3064,48,2586.2824466747024,-1.2843567012088435,-0.8676768730139961,-1.2834169861994247,-0.13615489828360278,-0.24654493376420988,-0.2291946039516519,0.720306207993199,-0.09172176908837011,-0.6232192944825511,0.23285911133526874,-1.515783424979524,-0.17545112803170976,1.145534215031597,0.3581403891754813,0.6125530498969481
62,5970,81,3668.583476425201,0.8872701202015009,0.07620224590010687,0.2263071548731504,-0.15460623362821735,1.7859617765642195,-0.2291946039516519,-1.09776212520345,0.9467727128282987,0.8746535950171559,-0.3026284436876273,0.643318740239679,1.2794433361044744,-0.7582833114086404,1.8150779933081982,0.6125530498969481
88,6390,90,3502.4652151653872,0.5473382474836733,1.3022664532279355,0.2898194000256918,-0.7502317576043804,1.804365188179075,-0.2291946039516519,-0.2817874146954495,0.7873781516832565,1.3645882269351624,-0.9589736432806009,1.3056502891957145,1.9048062344810985,-1.364560060595839,1.8150779933081982,0.6125530498969481
37,2190,67,1867.8210365112095,0.5102892429329761,-0.8676768730139961,1.1847604028803445,0.7923652481466137,-2.059775469724659,-0.2291946039516519,1.0340854665598658,-0.7811031790800594,-1.094880026424442,0.2822630870249347,0.643318740239679,-1.519795119465329,1.1931856919173836,-1.0987972149572356,-1.6325116659989423
43,3540,45,2729.389301911995,0.3218958086899071,-0.41769469988544683,1.1337228623767779,0.8792484284109215,-1.6730878145462138,-3.409405941609676,1.221831296486603,0.045592781487855547,-0.4230962065588109,0.7864078276084665,-1.3233835886260938,-1.0184353103807793,0.49580671899470047,-1.0987972149572356,-1.6325116659989423
50,2619,53,1471.1339434283407,-0.6521082746315613,-0.2637884142137955,0.45808611322283593,0.4283890725211731,-2.094801585568201,-0.6142542984789047,-0.3369469917441505,-1.1617342104568764,-1.392393977623881,1.3561294433902287,-1.1512760702749985,-2.0007340874946853,0.7402121318280355,-1.0987972149572356,-1.6325116659989423
38,4124,43,1928.3344679735446,-1.4156622262596028,-0.41769469988544683,-0.9720676921023219,-0.5864818062904431,-0.10545044905563535,0.6339700077405097,0.8627345908343734,-0.7230390518843525,-1.094880026424442,1.1318449172048743,-0.8534518760234878,-0.06265763990760014,0.9263988238715478,0.3581403891754813,0.6125530498969481
40,3598,43,2802.3817071667036,0.4198967026602315,-0.8676768730139961,1.0726586931778377,1.4113477472292013,-1.3599443666311688,-3.080803144082605,1.287039834555552,0.11563079124223473,-0.060091883356808096,0.6449537276656453,-1.3233835886260938,-0.31263605499622954,0.7975385132705489,-1.0987972149572356,-1.6325116659989423
69,5078,72,2657.356181551054,0.8888965242235678,0.9029060992795955,0.8985451877342986,0.08748542507226617,0.6636224056253339,0.2962306033273428,0.8439328178309354,-0.023524770795469573,0.5124477851823425,-0.09484535878691201,-0.1911203270674524,0.9709396056342343,0.38347150923109086,0.3581403891754813,0.6125530498969481
32,2500,71,1315.5467437618947,-0.3694373140808829,-0.9727316677869278,-0.04713733830372159,0.6997460345745058,-0.8090303493988384,-1.0385747644227592,-0.38127720177114266,-1.3110239587515067,-1.6057345224000523,0.5014836937996878,-0.601645107695158,-1.7825270369807842,1.7214721572963374,-1.0987972149572356,0.6125530498969481
37,2590,56,2378.8185817845842,1.192802192529872,-0.6744109272506593,1.636015070516017,1.6298472710186849,-1.648196767844163,-0.2291946039516519,0.2517777882948348,-0.29078845475452025,-0.4912534379026085,1.4225407001032166,-0.8534518760234878,-1.848867906724183,0.7608343539821754,-1.0987972149572356,-1.6325116659989423
33,2750,51,1635.37566510348,-0.41099842589682384,-0.8676768730139961,0.12267183387033917,0.31113086035934406,-1.8424294119400952,0.4496014388117547,0.8415717373961816,-1.0041402352396067,-0.4912534379026085,0.6449537276656453,0.7487430981377603,-0.6853714445615342,1.01330591645645,-1.0987972149572356,-1.6325116659989423
27,3736,36,942.988132781399,-1.6062155054081573,-1.0845174670653988,-1.2707084099456118,-0.11597494630920409,-0.6640800050053582,-0.778798320740619,0.6584548487864337,-1.6685031175609324,-0.35347352257287784,-0.22412911897517096,-0.7227012651918747,-1.3723144124588043,1.6578993154752482,-1.0987972149572356,0.6125530498969481
66,3532,52,1524.9197517524358,-2.0454791616544923,0.2564541555541443,-1.5473521170315896,-0.5021953986806045,-0.7679775314726306,0.12366360001576755,0.4565508868862346,-1.1101254032815964,-1.5240531582747878,-0.5425747226939668,-0.7227012651918747,-0.19730266804351285,-0.13079571285238953,-1.0987972149572356,0.6125530498969481
77,4675,67,3340.1803447267753,-0.24513558406604266,1.0296888476949617,-0.4899652184772995,-1.1741414143251225,0.4601038015829847,0.4496014388117547,-0.2817874146954495,0.6316618234008086,0.6005650532112241,-0.6789541283407586,0.9411429344911897,1.0145124645762948,-0.09393108454640224,0.3581403891754813,0.6125530498969481
45,2800,89,1216.6318766065315,-1.739761160986032,-1.204141438433242,-1.338047372568333,-0.15460623362821735,-0.4101964618018934,0.4496014388117547,-0.5948985251698033,-1.4059352088535653,-1.5240531582747878,-0.8738990280930917,1.1535860970634626,-0.5669252096684051,-0.24951057817445907,-1.0987972149572356,0.6125530498969481
83,5565,65,2586.2824466747024,0.7597929291157755,1.1501937769220463,0.06316247116920436,-0.6837042616691059,-0.8313414029239493,0.8108421980583805,1.4597682930680167,-0.09172176908837011,-0.1356944211524122,-0.3553625238528725,-0.10280094841912382,0.42856772559235085,-2.8146119066263044,-1.0987972149572356,0.6125530498969481
32,3550,49,1121.5663249477461,-1.451472238767516,-0.6744109272506593,-0.22130436128755065,0.029011606226874504,-0.3538989000342419,-1.1748916400000111,-1.1992509494542094,-1.4971529459749755,-1.8227310098814986,0.38030884250552255,-1.1512760702749985,0.6403740388419804,1.5386147896926674,-1.0987972149572356,0.6125530498969481
45,4927,78,4012.3174017613046,-0.07438448187889049,-0.8676768730139961,-0.09661155750627902,-0.5687111330584819,0.13161714176266778,-0.2291946039516519,-0.2817874146954495,1.2765938761615636,0.7816568116943878,0.9259436201670271,0.7990089285165864,0.3898173416349145,0.917440083975485,0.3581403891754813,0.6125530498969481
51,5450,64,1928.3344679735446,-1.5996636524351813,0.42285937607467217,-1.896599640326986,-2.2624229781868515,1.3359470725190887,-2.3464134104331125,-0.8317407990918487,-0.7230390518843525,-0.6870519494859656,-1.9036274414904173,0.47121122188858366,1.377446398926898,0.7737841282915572,1.8150779933081982,0.6125530498969481
51,5600,66,3585.045215850244,-0.15460783956832605,-0.3392340437249904,-0.0972328788245323,0.45477488433068797,0.15952422946725292,-1.0385747644227592,-0.8317407990918487,0.8666156952783766,-0.060091883356808096,0.15826329539749684,0.643318740239679,-0.16616846827358223,0.20985125177266403,0.3581403891754813,0.6125530498969481
56,5730,85,3924.9469571113714,0.4927734642581593,0.42285937607467217,-0.029156532479061418,-1.1507160945452137,1.7876377464578235,0.7526774067369608,-0.7700634020695872,1.1927597836517578,1.0656043502924986,-0.6241261617099947,1.0718935453228027,1.2978847122133261,-0.5838458128602707,1.8150779933081982,0.6125530498969481
25,4270,40,900.7513906382784,-2.1644589572563935,-1.9916231295773121,-1.574788563918717,0.3442634149234432,0.3916464168528553,-2.048308048513365,-1.7565250579131293,-1.709030311422958,-0.35347352257287784,0.15826329539749684,-1.3233835886260938,0.2302322746314767,0.7955054245933539,0.3581403891754813,0.6125530498969481
80,6354,78,3753.0799103562254,0.4559241753728694,0.675328745331237,0.3409954765136213,-0.19060927051232396,0.7825578135290102,0.6339700077405097,0.5710728149223133,1.0278491213014884,0.6005650532112241,0.5495374102901839,-0.1911203270674524,0.3377089849159633,-0.9345881852129093,0.3581403891754813,0.6125530498969481
73,4730,63,3420.8435619247275,-0.1742575441030171,0.9459121453121655,-0.3656964948283678,-0.2943199092245855,-0.8959060608122661,0.8966657965552619,0.07669669114387034,0.7090601660532498,0.6005650532112241,-0.5968513856813783,0.2788113855351543,0.5143920055324129,-1.552766408586097,-1.0987972149572356,-1.6325116659989423
60,3858,72,3260.475653239477,-0.24590443840849963,0.5272445442404738,0.14996122975798218,0.13689545481892315,-0.33217604045219784,1.0360807080301793,0.7647048434501762,0.5551832097645348,0.09569733284866454,0.5734771377015533,-1.515783424979524,-0.2565641567142554,0.501108859876381,-1.0987972149572356,0.6125530498969481
56,4450,88,2657.356181551054,-0.1785254947754051,0.3687770077049723,0.050207881446859524,-0.7502317576043804,0.525205320806295,-0.8209747620312199,-0.18659120673062196,-0.023524770795469573,-0.28237352323745246,0.30686892312721825,0.9858994490492295,0.054698599847066404,1.2574475989665437,0.3581403891754813,0.6125530498969481
17,3650,45,986.1881645250735,-0.8790659402227906,-1.4730544512765091,-1.2770438678460814,-1.2934851488090784,-1.5426640334792197,0.4496014388117547,-1.4016057556008417,-1.6270516236131045,-1.9161399642376822,0.03258838544133381,-1.3233835886260938,0.0029504329382438435,0.9900426868816565,-1.0987972149572356,0.6125530498969481
27,5700,67,2311.5834229273605,-0.6017049745202296,-1.204141438433242,-0.549667807462784,0.5811669485935352,-0.33995917564912786,-0.2291946039516519,0.7817410839369675,-0.3553022448597683,-0.6232192944825511,0.5495374102901839,-0.601645107695158,-0.7114311672619984,-0.269443181686062,-1.0987972149572356,0.6125530498969481
34,5200,59,1030.3513167712815,-1.2541463701930462,-0.4994689411839057,-1.2834169861994247,0.089134095797245,0.8998852924398955,-0.6142542984789047,1.221831296486603,-1.584675991833187,-1.199238322126377,-0.7897561601567338,-0.1911203270674524,0.4302411812328037,1.0412427498106844,0.3581403891754813,0.6125530498969481
69,4565,73,3502.4652151653872,-0.032314561664763805,0.7226458157909562,0.05955546209244588,-0.8381790084362992,0.5639977028720312,0.4496014388117547,0.259420529800462,0.7873781516832565,0.6902976719925955,-0.3553625238528725,0.34549454598816776,0.5030408285179032,0.27975279653676416,0.3581403891754813,0.6125530498969481
93,5680,79,3838.5344321060197,0.08666789306854687,1.3022664532279355,-0.41057141369962685,-1.8298731617089106,1.4723661123632086,-0.6142542984789047,-0.9606431574678065,1.109844838622803,0.6005650532112241,1.222108344767349,0.8477740600370556,0.9890900989515634,-0.2753551192028361,1.8150779933081982,0.6125530498969481
65,4351,64,2951.2439766727193,0.829512665953278,-0.053119072030679164,0.8026871281722464,0.5377717970498993,-2.4549598858849975,1.0960530697264468,-0.14048620591693609,0.25846780349494175,0.8746535950171559,1.333904627868098,-1.515783424979524,-1.195864074530373,-2.40831075951131,-1.0987972149572356,-1.6325116659989423
69,6172,97,3027.1136463166717,0.7437047920491109,0.07620224590010687,0.08897941740745141,0.6695150890881191,0.5318814148129978,-0.37900648471193404,-0.8317407990918487,0.33126661926272183,-0.20978440474634713,-0.22412911897517096,0.696881263144984,-0.31375312311655534,-0.7897422762628755,0.3581403891754813,0.6125530498969481
61,4355,74,4189.931720186165,1.849281788432273,-0.5849046607537621,1.4600313298765208,0.8705694394243594,-0.9783909818319574,1.0360807080301793,0.5389373745851044,1.4470191871641125,1.2632379969775114,0.8564097284492161,-0.28448920152158647,0.19349096498005736,-0.45578489061383226,-1.0987972149572356,-1.6325116659989423
94,4598,80,3340.1803447267753,1.9028602463593483,1.6144757210802636,1.3345207146241194,0.44876794921214425,-0.9783909818319574,1.0360807080301793,-0.38127720177114266,0.6316618234008086,1.6789026453905742,0.995020485992735,-0.3835201634208818,-0.11647402489726992,-2.180804959421123,-1.0987972149572356,-1.6325116659989423
100,4731,56,3924.9469571113714,1.9340482980279246,0.675328745331237,1.6768446721554808,1.5691691808080093,-0.9783909818319574,1.0797775867330288,-0.4705936478805216,1.1927597836517578,1.3645882269351624,-0.06921364143108587,-0.3835201634208818,0.6892441478728566,-0.7164801708821787,-1.0987972149572356,-1.6325116659989423
66,4712,57,4012.3174017613046,1.786360374795413,0.19803987368047105,1.4297507236217977,0.9374922384855371,-0.9783909818319574,0.4496014388117547,-0.007652219826546156,1.2765938761615636,1.2632379969775114,-0.9021518863751777,-1.515783424979524,1.123122429718236,-1.2920441516015004,-1.0987972149572356,-1.6325116659989423
34,4460,49,3027.1136463166717,1.3415407069178704,-1.6267810138219474,1.0315265544875447,0.943886560160843,-0.9783909818319574,-0.2291946039516519,-1.0836490146291118,0.33126661926272183,0.09569733284866454,1.222108344767349,-0.488944521318963,-0.6668406807797778,-1.7570796523026286,-1.0987972149572356,-1.6325116659989423
70,4810,63,2311.5834229273605,1.4189414712458797,-0.4994689411839057,1.178476506491788,0.6254175275588529,-0.9783909818319574,-0.2291946039516519,0.4565508868862346,-0.3553022448597683,0.25767565625110594,1.8769734548205472,0.13667737956055104,-1.390777533121176,-1.2069154419293988,-1.0987972149572356,-1.6325116659989423
29,4040,42,2447.013542674721,1.0728771017646572,-1.4730544512765091,1.2499183886203393,1.2601087892710834,-0.9783909818319574,0.12366360001576755,0.043338678855853185,-0.2253537109704769,-0.28237352323745246,1.15448099537168,-0.7227012651918747,-0.30780338082559316,-0.5847587973795416,-1.0987972149572356,-1.6325116659989423
40,4680,53,3260.475653239477,1.407163486657947,-1.7978331880954055,0.918454085401265,0.0163456076138118,-0.9783909818319574,0.6339700077405097,0.11608006943689453,0.5551832097645348,0.25767565625110594,0.9490194931800552,-0.1911203270674524,-1.2169946134274274,-2.0461777936479044,-1.0987972149572356,-1.6325116659989423
48,4420,66,3260.475653239477,0.9981827530464753,-0.8676768730139961,0.7538142127712137,-0.07731029512284487,-0.9783909818319574,0.5733801240946069,0.42982502824679836,0.5551832097645348,0.6902976719925955,0.5973594417391935,-0.9955858819980911,-0.754240590655305,-1.178255007277525,-1.0987972149572356,-1.6325116659989423
93,4170,76,3027.1136463166717,1.4789740600804502,1.4803479884652577,0.9264850436777798,-0.5061565996033315,-0.9783909818319574,0.4496014388117547,-1.2442682363007733,0.33126661926272183,0.17590711389826053,1.244558309119232,0.4095619963667674,-1.128612551107959,-1.4716028469047506,-1.0987972149572356,-1.6325116659989423
53,4240,53,3502.4652151653872,1.4595076988369593,-0.3392340437249904,0.8576172367905968,1.00271850206878,-0.9783909818319574,0.12366360001576755,0.4565508868862346,0.7873781516832565,0.9692990979140862,0.35589122750062535,-1.3233835886260938,-0.677666438356213,-2.157916891228818,-1.0987972149572356,-1.6325116659989423
40,4176,65,3103.942211573207,1.109393906662787,-1.3330274833513371,0.9172989932875703,0.2196986185995941,-0.9783909818319574,0.4496014388117547,0.2821942160312559,0.404985518976676,0.6902976719925955,0.9720449849419147,-0.28448920152158647,-0.8845111848103826,-0.6885675167292421,-1.0987972149572356,-1.6325116659989423
51,4660,59,2447.013542674721,0.6137359440855942,-0.5849046607537621,0.6346084824994297,-0.22602859273297324,-0.8828942952654918,-0.2291946039516519,-0.38127720177114266,-0.2253537109704769,-0.4912534379026085,0.30686892312721825,-0.1911203270674524,-0.7570652537230222,-0.13782155649778083,-1.0987972149572356,-1.6325116659989423
33,4760,46,3103.942211573207,0.254323208879064,-1.9916231295773121,0.2894305154404771,0.9842541902497188,-0.9783909818319574,2.916017286610534,0.2548380018527777,0.404985518976676,1.6789026453905742,0.25759334859915606,-1.3233835886260938,-0.07856227609415525,-1.0232005345405353,-1.0987972149572356,-1.6325116659989423
59,4710,90,3340.1803447267753,0.24428208104993027,0.19803987368047105,-0.2646308576986134,-0.431205973875573,1.3322527997760976,-1.0385747644227592,-0.8317407990918487,0.6316618234008086,0.3410143789166372,0.007245147886748601,1.0294623131395182,0.558305853463535,-0.17382352004918422,1.8150779933081982,0.6125530498969481
68,6000,61,4012.3174017613046,-1.2270795604096667,0.675328745331237,-1.4866907469548132,-1.1985700260580425,1.0204503919613213,-0.2291946039516519,-1.4016057556008417,1.2765938761615636,1.572409762644023,-2.1376362729688485,1.44475647114785,1.7214010175504895,0.8380573423799045,0.3581403891754813,0.6125530498969481
67,6870,67,2586.2824466747024,1.641966544297759,0.2564541555541443,1.4582191271318994,-0.6332185184089393,1.147419281351507,0.6639513463629467,-0.46424287831652533,-0.09172176908837011,0.17590711389826053,-0.6789541283407586,-0.601645107695158,1.1981438371992335,-0.36719635838691744,0.3581403891754813,0.6125530498969481
41,3410,53,1471.1339434283407,-1.8427375389751808,-0.3392340437249904,-1.8856391729747426,-1.2373062479710122,-0.5697016908076236,-1.0385747644227592,0.4565508868862346,-1.1617342104568764,-0.8104772611976783,-1.0450179270912505,-0.3835201634208818,-0.4140516721976221,-0.23716504713706033,-1.0987972149572356,0.6125530498969481
60,2964,46,1524.9197517524358,0.9115288890098885,0.3687770077049723,-0.7928756937518195,-0.6235905241576438,-1.2878473531290051,2.4385556153715937,0.31220519615957604,-1.1101254032815964,-1.4375163915219222,0.40466484905643485,-1.515783424979524,-0.9896674010694586,-2.7692131472192787,-1.0987972149572356,0.6125530498969481
80,4000,98,1749.6764327700098,0.08719482495164366,0.9029060992795955,-0.05479228101555204,-0.8381790084362992,0.25471754310896433,-0.6142542984789047,0.07669669114387034,-0.8944658348300512,-1.2983753500580535,0.0830645638304953,0.7990089285165864,-0.03859499735607174,-0.8817800126741949,0.3581403891754813,0.6125530498969481
29,3640,36,1692.045506602899,-1.9528843614414244,-1.6267810138219474,-1.864018810968551,-0.21828095609480486,-0.8090303493988384,-1.0385747644227592,2.0619860652872974,-0.9497641272340495,-1.094880026424442,-1.3695004894439946,-0.28448920152158647,-0.8290283365346829,0.25546050323242964,-1.0987972149572356,0.6125530498969481
85,3412,69,3838.5344321060197,1.9034682499601778,1.2273850455284772,2.1713038027311122,1.4831034831862213,-1.4912463226655415,0.4496014388117547,1.2158116761978381,1.109844838622803,0.7816568116943878,2.1082507547381426,0.643318740239679,0.01688496829091491,-0.13724506434644135,-1.0987972149572356,-1.6325116659989423
47,3122,43,5135.451248203943,-1.0886159075924668,-0.12094221917214974,-0.46242387309340777,-0.5557012352251401,-1.5990288354894489,0.4496014388117547,-1.2442682363007733,2.3542684509084846,0.5124477851823425,0.8564097284492161,-0.28448920152158647,-0.7669836450552817,1.1042507667611514,-1.0987972149572356,-1.6325116659989423
64,3320,64,3181.7295782263,0.8459466419622016,0.5272445442404738,0.9271364441392261,0.43762840093604244,-0.3847547959295772,0.7526774067369608,1.4597682930680167,0.47962441223420943,0.9692990979140862,0.23285911133526874,0.2788113855351543,0.21634640346214432,0.03377233310726897,-1.0987972149572356,0.6125530498969481
57,3410,50,1418.309746991305,-1.152245604817201,0.19803987368047105,-0.8102200987619123,0.1536363248892522,-0.5697016908076236,-0.3034345775074199,0.720306207993199,-1.212420327353753,-1.4375163915219222,-0.018169123018266124,0.34549454598816776,-0.5072473790267931,0.7086557356879205,-1.0987972149572356,0.6125530498969481
85,3360,10,2052.2429896634862,0.8977841270140331,-0.6744109272506593,1.0068522974271437,1.5633690716498796,-0.5667371044636494,0.4496014388117547,0.720306207993199,-0.6041457749675595,-0.4912534379026085,1.040823052329025,0.13667737956055104,-2.8219943523408038,-0.0006276084901261414,-1.0987972149572356,-1.6325116659989423
44,3484,43,3103.942211573207,-0.9746050725961627,-0.3392340437249904,-0.4642972451242588,0.09569071633753531,-1.0288789635676352,0.4496014388117547,0.8415717373961816,0.404985518976676,0.09569733284866454,0.15826329539749684,-0.9955858819980911,-0.15659349686459612,0.6758492505194044,-1.0987972149572356,0.6125530498969481
36,2439,84,4371.376736751873,-0.06744098301739739,-0.9727316677869278,0.08997563102792064,-0.08995891108504199,-0.8090303493988384,-1.0385747644227592,-0.884944852435625,1.6211201473361683,1.0656043502924986,0.7864078276084665,-0.1911203270674524,-0.2233190045675229,0.5514775764210138,-1.0987972149572356,-1.6325116659989423
31,4958,60,2245.308173989908,-0.31712881443535373,-0.6744109272506593,-0.9610553969776796,-0.5304503828713003,0.30370601093351696,1.0360807080301793,0.23641393781517428,-0.4188949777661247,-0.4230962065588109,-0.5968513856813783,-0.28448920152158647,0.22398473987836037,0.5248814318233085,0.3581403891754813,0.6125530498969481
21,3800,39,1692.045506602899,-0.6201375737106231,-1.9916231295773121,-1.1857513899938574,0.025416014696842598,-0.6446369254313375,0.4496014388117547,-0.007652219826546156,-0.9497641272340495,-0.5579571392876599,1.222108344767349,1.1535860970634626,-1.5116766930690706,0.8279163675814561,-1.0987972149572356,0.6125530498969481
81,4450,70,3181.7295782263,-0.7260963939035004,1.51453184767177,-0.8486430137583104,-1.0856771595189671,0.2392094638614887,-0.2291946039516519,-0.38127720177114266,0.47962441223420943,0.7816568116943878,-0.4618260387652622,1.1929497028195202,0.4828550519351407,1.45260677884351,0.3581403891754813,0.6125530498969481
94,5411,81,3181.7295782263,1.0269476555150763,1.4457068812376728,0.9436971753162882,0.6512543948436128,-1.3905438294422738,1.0360807080301793,-0.38127720177114266,0.47962441223420943,0.4259346495311623,0.1332649014169342,-1.7339083692537995,0.027031275377794657,-1.9616422465827439,-1.0987972149572356,-1.6325116659989423
40,4350,65,1366.4473002878658,-0.23140847578379686,-0.7684736752694478,-0.7044153762479795,-0.7329188116093822,-0.12220977454924682,-0.4715249373842091,0.19439905276860778,-1.2621836217050806,-1.644788026270866,-0.27638263533977875,0.34549454598816776,-0.2739678820120521,0.8590576945569994,0.3581403891754813,0.6125530498969481
84,5690,91,4012.3174017613046,0.5872214750837065,1.1106782881401172,-0.06670494037029921,-0.20054132061807592,1.8026950754757654,-0.2291946039516519,-1.1551642114565452,1.2765938761615636,1.2632379969775114,-0.9305096236198235,1.44475647114785,1.636365469931966,-1.0813043418270203,1.8150779933081982,0.6125530498969481
49,6430,96,3838.5344321060197,-1.8853559916102358,-0.3392340437249904,-2.252767297436137,0.4158892447449324,0.35976342735151623,-0.2291946039516519,-0.5948985251698033,1.109844838622803,0.9692990979140862,-1.5530655010797432,1.0294623131395182,0.8104958464425481,0.12417233405067438,0.3581403891754813,0.6125530498969481
41,5208,78,1635.37566510348,-2.0005591578743207,-0.5849046607537621,-1.6029104980940039,0.30505375137088064,0.2654185600150788,0.12366360001576755,-1.7565250579131293,-1.0041402352396067,-0.28237352323745246,-0.9305096236198235,0.47121122188858366,0.3293215174451075,0.5877564781535826,0.3581403891754813,0.6125530498969481
93,5150,93,4280.175431313631,0.3777719728931192,1.679056928777311,0.13171204767915254,-0.7502317576043804,0.5474170329275875,-0.2291946039516519,-1.7955587088891283,1.5336102495926123,1.2632379969775114,-1.161322711796831,0.060686441260878146,1.2619120716227716,0.018794836291012335,0.3581403891754813,0.6125530498969481
75,5950,74,4650.725431558118,1.3108701902699553,1.1501937769220463,0.906813714741814,1.0298871131062561,1.8409611002200534,-1.5119094043589478,-0.8317407990918487,1.889162096953259,1.467641878959388,-1.3093907999241707,0.13667737956055104,1.5238657445286348,-0.1239390605091883,1.8150779933081982,0.6125530498969481
34,3400,52,2378.8185817845842,-0.9183662010257132,-0.9727316677869278,-0.6983938293123917,-1.211189781762898,-0.6144713011269085,-0.6142542984789047,-0.8317407990918487,-0.29078845475452025,-0.8104772611976783,1.8557276207949025,0.5879401964775927,-1.6245426270447465,-1.0385640967189325,-1.0987972149572356,0.6125530498969481
59,3395,65,2378.8185817845842,0.31626262915290876,-0.2637884142137955,0.4139599285608706,-0.5141529033467143,-0.9171578511306657,0.4496014388117547,0.34916560028732013,-0.29078845475452025,-0.5579571392876599,-0.43508339754859504,-1.515783424979524,0.6265873133132989,0.401220991466221,-1.0987972149572356,0.6125530498969481
45,2950,64,1749.6764327700098,-1.1793612904171202,-1.3330274833513371,-1.2416292145616146,-0.8587961830100914,-0.5845619581984869,-0.2291946039516519,-1.4016057556008417,-0.8944658348300512,0.5124477851823425,0.0578612934555406,-1.1512760702749985,-0.5652181185300666,0.316039497202013,-1.0987972149572356,0.6125530498969481
84,6204,88,4280.175431313631,0.7062526533284443,1.2273850455284772,0.03385956850905595,-0.6047642301072242,1.7896481341489057,-0.6142542984789047,-0.33296090090390323,1.5336102495926123,1.2632379969775114,-0.6241261617099947,1.4777578075468099,1.3518622230407658,-1.7487682820367652,1.8150779933081982,0.6125530498969481
48,2394,56,2586.2824466747024,0.9843997751079167,-0.7684736752694478,1.2634072348988183,0.999752792162347,-0.8718735419062877,-0.0987631367899001,0.9454905473219631,-0.09172176908837011,-0.28237352323745246,1.2669625914791942,-0.488944521318963,-1.0264983763893731,-0.9711025806677062,-1.0987972149572356,-1.6325116659989423
35,5175,33,4463.535557347664,0.10182057306711591,0.012544204192919739,1.1803572127717512,1.8960902946938596,-1.7748036637248292,1.3023649764046783,1.2713984993834921,1.7095488044453089,1.2632379969775114,-2.0698170551140307,-0.28448920152158647,1.462001044862406,-0.3112668066424256,-1.0987972149572356,-1.6325116659989423
65,3300,39,2586.2824466747024,0.637504872020031,0.07620224590010687,1.4466562581466995,1.0279763910974948,-1.5315158934069486,-0.2291946039516519,1.066451766681205,-0.09172176908837011,0.6005650532112241,0.23285911133526874,-0.9955858819980911,-0.5840809747044412,1.4544269184998055,-1.0987972149572356,-1.6325116659989423
100,6246,78,4189.931720186165,2.154076785239108,2.5709000589305027,1.890470107406125,1.2492110406897876,0.4141362996776661,0.6699229208590907,0.9935325617771228,1.4470191871641125,1.3645882269351624,0.47736869024981116,-0.9955858819980911,1.154171791885285,-2.256259410353627,0.3581403891754813,-1.6325116659989423
100,5302,66,4463.535557347664,1.9681957121707352,2.328985093693537,1.6123816807372353,0.621425963924429,0.49928863075783714,1.5044759215367796,0.8627345908343734,1.7095488044453089,1.2632379969775114,0.5495374102901839,-0.8534518760234878,1.4143155838685064,-0.4117737167333926,0.3581403891754813,-1.6325116659989423
60,4234,46,3103.942211573207,1.3052175435901787,0.07620224590010687,1.5936115479483477,2.246879346313096,-0.9557531780269051,1.0360807080301793,0.5922469197789686,0.404985518976676,1.467641878959388,1.9193527444940255,-1.1512760702749985,-0.6179852552429093,-2.199632657969515,-1.0987972149572356,-1.6325116659989423
43,3540,57,330.2964495225696,-0.832523738546308,-0.12094221917214974,-0.9928406465373613,0.3858796400925126,-0.11067976598596968,-1.0385747644227592,-0.9606431574678065,-2.2563958707695386,-1.4375163915219222,-3.7424607303623523,-0.9955858819980911,-0.2450549443153363,0.25528853705599996,0.3581403891754813,0.6125530498969481
94,6380,90,2729.389301911995,1.2241809018211096,1.8639323064397797,0.567969576460525,-1.224097127110629,1.822698070132443,-0.2291946039516519,0.08330894295855748,0.045592781487855547,1.572409762644023,-2.563082387024454,0.9858994490492295,2.6637356261473233,-1.8671987401035555,1.8150779933081982,0.6125530498969481
57,4697,54,3838.5344321060197,1.2892443675858647,0.13799295441079093,1.5174796653663354,1.230726341043564,-0.2691319034869906,0.16410788671962823,0.9010341893278019,1.109844838622803,1.1635803366973685,-0.8177024914772081,-1.7339083692537995,1.149863584757609,0.4294828231660381,0.3581403891754813,-1.6325116659989423
63,5072,71,3838.5344321060197,1.5816663329271412,-0.053119072030679164,1.6016950279804056,1.0878884534770614,0.41596671228661986,1.0360807080301793,1.3674797929567883,1.109844838622803,1.1635803366973685,0.525539763472362,-0.28448920152158647,0.4733585081742645,-0.05893311263015844,0.3581403891754813,-1.6325116659989423
74,6230,63,3502.4652151653872,-0.8339893849389597,1.0296888476949617,-0.6123152180546504,-0.8948021543303765,0.2055998999545201,-0.2291946039516519,-0.007652219826546156,0.7873781516832565,0.9692990979140862,-0.12055104982347017,0.47121122188858366,0.09521586942666245,0.7925245083071198,0.3581403891754813,0.6125530498969481
51,4220,93,2729.389301911995,1.2259179090010648,0.13799295441079093,1.0495110089572814,0.4427124119327028,0.35233413602904207,-0.2291946039516519,-0.5948985251698033,0.045592781487855547,0.25767565625110594,0.23285911133526874,0.4095619963667674,0.14251299419425043,0.5793797076898645,0.3581403891754813,0.6125530498969481
57,4230,75,2729.389301911995,1.9019196280054236,-0.12094221917214974,1.6846829878025082,1.8649351508193885,0.0732028850292741,-0.013985659609939928,0.15797762173098692,0.045592781487855547,0.4259346495311623,1.0636508731902279,-0.3835201634208818,0.5792501953627256,-0.12907579467556968,0.3581403891754813,0.6125530498969481
60,4695,67,3420.8435619247275,0.5622542939245851,0.3133361961439693,0.35935628318902235,0.320750703546702,1.1554993163705916,-1.0385747644227592,0.23641393781517428,0.7090601660532498,0.7816568116943878,0.5014836937996878,0.13667737956055104,0.8023405100292099,-0.5040262068043367,0.3581403891754813,0.6125530498969481
50,3996,51,2729.389301911995,-0.5293707679268033,0.012544204192919739,0.14996122975798218,1.3043931328760674,0.29381484459649704,0.4496014388117547,1.2378078983401328,0.045592781487855547,-0.20978440474634713,-0.09484535878691201,-0.488944521318963,0.6305694250763128,0.28323090738060946,0.3581403891754813,0.6125530498969481
39,3620,45,3502.4652151653872,-1.0022815955846984,-1.0845174670653988,-1.1857513899938574,-0.5687111330584819,0.12522440416640768,-1.0385747644227592,0.4565508868862346,0.7873781516832565,1.467641878959388,0.6449537276656453,-0.10280094841912382,0.10577846470793255,1.5089004674570707,0.3581403891754813,0.6125530498969481
67,4340,77,1749.6764327700098,0.24428208104993027,0.6270233788095004,0.3173270966569102,0.11975275469968777,0.44877394394675324,1.0360807080301793,-0.46424287831652533,-0.8944658348300512,-0.060091883356808096,0.47736869024981116,0.47121122188858366,-0.21061473611397613,0.1961485813504547,0.3581403891754813,0.6125530498969481
85,4180,66,3753.0799103562254,1.7820200064627758,1.4105939265800689,2.0253635456994954,1.6089651415369164,-0.8026824351599816,0.6339700077405097,0.4981180852211085,1.0278491213014884,1.3645882269351624,-0.12055104982347017,0.060686441260878146,1.266383572229228,-0.25116579498628383,-1.0987972149572356,-1.6325116659989423
79,3600,63,3753.0799103562254,1.6979222832809266,0.9881629366230471,1.891129142589731,1.4691111622983395,-1.276477684445451,-0.0491042890162079,0.7877948856950783,1.0278491213014884,1.1635803366973685,0.20805976907672294,0.20928980457225407,-0.17545112803170976,-0.30890955898659656,-1.0987972149572356,-1.6325116659989423
26,6000,66,1808.268317430297,1.0335991113994663,-1.0845174670653988,0.6754123454724499,0.9710219114484213,0.9646028662698494,-0.2291946039516519,0.37105468912027983,-0.8382454790951654,-0.4230962065588109,-0.845749676894635,-1.1512760702749985,0.573824056213022,0.32781182824189004,0.3581403891754813,0.6125530498969481
69,3038,54,3502.4652151653872,0.7275436445540195,0.675328745331237,1.5169756164196913,1.3683298821629357,-1.76619134647448,0.9641364521802115,0.12743750690226258,0.7873781516832565,0.4259346495311623,-0.5425747226939668,-1.7339083692537995,0.9884402353632672,-0.13490809721059846,-1.0987972149572356,-1.6325116659989423
88,4574,81,3668.583476425201,1.9287266128436178,1.3388902885586311,2.0475539327118266,0.6581529004723541,-0.6567761844143083,-0.2291946039516519,1.0470863898888947,0.9467727128282987,0.6902976719925955,0.8564097284492161,-0.601645107695158,0.043807534141639896,0.22477621887653546,-1.0987972149572356,-1.6325116659989423
50,5088,34,3260.475653239477,1.4580203798692948,-0.12094221917214974,1.6553875954504924,1.5152522908901147,-0.7585730793018399,0.6339700077405097,2.1106196895949063,0.5551832097645348,0.17590711389826053,-1.0450179270912505,-1.7339083692537995,1.1490002206765424,-0.43426440721866766,-1.0987972149572356,-1.6325116659989423
51,4080,69,1471.1339434283407,-0.07565284704498786,0.13799295441079093,-0.28364633870768746,1.0816436938410687,0.29145619209003254,-0.0491042890162079,0.3196458988787172,-1.1617342104568764,-1.5240531582747878,-0.7341609556836695,0.2788113855351543,-0.6210575300641341,0.7562508729690149,0.3581403891754813,0.6125530498969481
50,3384,57,3753.0799103562254,1.4771364410259098,0.07620224590010687,1.8357382524825225,1.0936448048848126,-0.8332605870500661,1.0360807080301793,1.7012297382962143,1.0278491213014884,1.0656043502924986,-0.043655143285563025,-0.1911203270674524,0.34731247277801824,-0.671501792804724,-1.0987972149572356,-1.6325116659989423
38,5050,47,2729.389301911995,-0.008478442489941753,-0.5849046607537621,-0.27294776678377497,1.0241414034245055,0.8258971276970903,0.6339700077405097,1.3655963955504866,0.045592781487855547,-0.9283307329438812,0.0578612934555406,0.2788113855351543,0.46427029354870447,-0.9534437343817472,0.3581403891754813,0.6125530498969481
33,3600,31,3420.8435619247275,0.9802367365707193,-0.5849046607537621,1.4370352226349188,2.125738955686632,-0.981733073524185,-0.013985659609939928,1.4956898406535546,0.7090601660532498,0.8746535950171559,-0.7341609556836695,0.34549454598816776,0.48008166646577477,-0.7277524206298158,-1.0987972149572356,-1.6325116659989423
48,3970,59,2179.9929444466234,-0.2732406406363953,-0.2637884142137955,0.02905277811247962,0.012684336004188607,-0.8926484154358019,-0.6142542984789047,0.6533309979976344,-0.481566548430211,-0.4912534379026085,0.5014836937996878,0.47121122188858366,-1.1308766201469922,-0.5590982899858604,-1.0987972149572356,-1.6325116659989423
45,3680,64,1030.3513167712815,-1.2749596351004995,-0.4994689411839057,-1.243680236741276,-0.03871727414809322,-0.9617306099652749,0.4496014388117547,-2.1844360205206956,-1.584675991833187,-1.886083615874445,0.30686892312721825,-2.2835393318336408,-1.0082672446913603,0.6108935328299653,-1.0987972149572356,-1.6325116659989423
40,3630,35,2179.9929444466234,-1.2293061614043845,-1.204141438433242,-0.7092596957565481,0.2571389913457858,-0.9617306099652749,-1.0385747644227592,0.6889587036963638,-0.481566548430211,-0.9851988400469104,0.33141144399481504,-0.8534518760234878,-0.7703009114589185,0.54103066925182,-1.0987972149572356,-1.6325116659989423
57,4408,55,3260.475653239477,0.882371330048504,0.19803987368047105,1.1245026651860146,1.4239303130077785,-0.35557524157334236,-0.27358158798631893,1.7712431067366743,0.5551832097645348,0.5124477851823425,1.0864302146786262,-1.7339083692537995,-0.26851105265608116,-0.9475001021050891,-1.0987972149572356,-1.6325116659989423
53,5146,63,3838.5344321060197,1.893344239040603,-0.12094221917214974,1.8844043076223858,1.7638297706054864,-0.31970191967781514,0.12366360001576755,0.5254123188243783,1.109844838622803,0.8746535950171559,1.0179463816947247,-0.7227012651918747,0.17844729126941572,-0.17138563277534075,-1.0987972149572356,-1.6325116659989423
39,3897,68,3753.0799103562254,1.901476573104881,-0.9727316677869278,1.776587241165163,1.2037534001795105,-0.3634083515762949,-0.2291946039516519,0.31220519615957604,1.0278491213014884,0.8746535950171559,0.6923240937679691,-0.3835201634208818,0.49596035369373787,0.7678883363024585,-1.0987972149572356,-1.6325116659989423
37,4500,56,2657.356181551054,0.667820704576595,-1.204141438433242,0.858697749193889,1.0744479422208495,-0.8573421766588876,-0.2291946039516519,0.07669669114387034,-0.023524770795469573,0.6902976719925955,0.2822630870249347,0.060686441260878146,-0.3260865566912732,0.19720548381489222,-1.0987972149572356,-1.6325116659989423
69,6526,59,3260.475653239477,1.3214639619144355,0.9459121453121655,1.2630203777128364,0.6309710856634577,1.4001159381906774,0.6339700077405097,1.050325231713774,0.5551832097645348,1.0656043502924986,-2.3461430732055244,-0.1911203270674524,1.5838170454413532,0.06340103767390842,1.8150779933081982,0.6125530498969481
92,4659,87,2729.389301911995,2.1251591581646743,1.803706059890135,1.9637320097310902,0.931046526350825,1.2581024945757655,-0.4096198220981821,0.5922469197789686,0.045592781487855547,1.467641878959388,-0.6241261617099947,0.47121122188858366,1.280741846102545,-0.4848692583787239,1.8150779933081982,-1.6325116659989423
45,3474,53,3027.1136463166717,0.8664525816746759,-0.6744109272506593,1.049240114478577,0.88383879346298,-0.29075914612577886,1.317845070314493,1.6425156223150184,0.33126661926272183,0.7816568116943878,1.222108344767349,-0.8534518760234878,-0.7774281956073129,-0.008309685212503809,0.3581403891754813,-1.6325116659989423
86,3180,51,2657.356181551054,-0.09425256616303299,1.4803479884652577,-0.0037159682714109697,-0.4751279270605347,-0.021978603319396543,0.4496014388117547,0.4565508868862346,-0.023524770795469573,-0.28237352323745246,0.18319470580243435,-0.28448920152158647,-0.6294214451007857,-1.0031778699438643,0.3581403891754813,-1.6325116659989423
55,3744,45,3753.0799103562254,1.6857728490650128,0.13799295441079093,1.785141538068163,3.252464204603436,-0.25768515161973476,1.1122688326987837,1.881256136776561,1.0278491213014884,0.6902976719925955,-0.43508339754859504,1.0294623131395182,1.4359985453353676,-1.1443034448935359,0.3581403891754813,-1.6325116659989423
47,3810,53,2729.389301911995,0.7903680102767683,0.13799295441079093,1.239755680145494,0.5718300632983053,-1.5763565286293988,0.4496014388117547,-1.5715860927236946,0.045592781487855547,0.3410143789166372,1.5104862816404492,-0.488944521318963,-0.5201155153614891,0.9056923527935123,-1.0987972149572356,-1.6325116659989423
62,3485,58,3668.583476425201,1.253847801236339,0.4756588429698257,1.7142382076551925,1.0529361064663343,-0.22841180351046542,0.4496014388117547,1.0481665078771898,0.9467727128282987,0.4259346495311623,-0.3026284436876273,-0.3835201634208818,0.4656719870602194,-0.2827936813098539,0.3581403891754813,-1.6325116659989423
77,3600,49,3753.0799103562254,0.14229826513176697,1.2273850455284772,0.7113727750420918,0.3290659175990147,-0.22841180351046542,1.0360807080301793,0.3637818800188296,1.0278491213014884,0.5124477851823425,0.1332649014169342,0.2788113855351543,0.35785927255386774,1.5366469053956007,0.3581403891754813,-1.6325116659989423
54,3964,48,2447.013542674721,0.0037804482995661597,-0.41769469988544683,0.8815270795642023,1.8703220848959312,-0.753567850621616,-0.2291946039516519,2.74771367412753,-0.2253537109704769,-0.6232192944825511,-0.12055104982347017,-0.3835201634208818,-0.7584791088066984,-0.2839013122380045,-1.0987972149572356,-1.6325116659989423
54,3680,52,1692.045506602899,-1.2495818464229378,-0.4994689411839057,-0.28364633870768746,-0.07107182401564707,-1.1147821063052947,0.12366360001576755,-0.007652219826546156,-0.9497641272340495,-1.199238322126377,0.6686666659070798,-2.2835393318336408,-1.3079760463630983,-0.09949594681348622,-1.0987972149572356,0.6125530498969481
78,3030,51,2516.1681992532613,-0.16648594954451845,-0.41769469988544683,0.25240421584968076,-0.01159251633041347,-1.7748036637248292,-2.048308048513365,-1.4016057556008417,-0.15899811554781332,-0.6870519494859656,1.1996123641074883,-1.3233835886260938,-1.0362158831678892,-0.589595925871055,-1.0987972149572356,-1.6325116659989423
63,3145,53,3585.045215850244,1.2146263330255924,0.5272445442404738,1.7832870485739147,1.5809028788708566,-1.3140424282305816,-0.2291946039516519,1.1402587274106681,0.8666156952783766,0.8746535950171559,0.30686892312721825,1.44475647114785,-0.587099195997888,1.4245423219433517,-1.0987972149572356,-1.6325116659989423
54,5045,64,2729.389301911995,-0.27244787384539626,-0.3392340437249904,-0.9166665828977453,-0.4564648167414976,0.3685679569333126,2.0175449906937217,1.5485627320659785,0.045592781487855547,-0.4912534379026085,-0.6514933665420364,-0.601645107695158,0.36260733366640074,-0.8610365113216508,0.3581403891754813,0.6125530498969481
62,3862,75,3838.5344321060197,1.58293356383862,0.012544204192919739,1.4731051711626768,0.9305070365698836,0.3055872717085839,0.7526774067369608,1.5045850058589698,1.109844838622803,0.4259346495311623,0.8796391417393972,-0.28448920152158647,-0.1844364619201776,0.24938595237866734,0.3581403891754813,-1.6325116659989423
74,3420,37,2876.3332980671166,0.08085045117402455,0.4756588429698257,0.09444379004679493,0.7761419744386268,-1.1773533231047915,0.4496014388117547,-0.9606431574678065,0.18658916323670852,0.09569733284866454,-0.22412911897517096,-0.8534518760234878,-0.503527914514967,-1.290585207665746,-1.0987972149572356,-1.6325116659989423
92,4200,83,3753.0799103562254,1.9101785148510175,2.0648660712522746,1.7065532533235437,0.7904360556783387,-0.4101964618018934,0.12366360001576755,-0.007652219826546156,1.0278491213014884,0.9692990979140862,-1.3695004894439946,0.2788113855351543,1.4095343761426808,-2.291583082398756,-1.0987972149572356,-1.6325116659989423
62,3109,62,3027.1136463166717,1.1477098741758307,-0.3392340437249904,1.455209560301861,1.6014887627356797,-0.7529427077266194,0.4496014388117547,0.956752752058499,0.33126661926272183,0.7816568116943878,0.7159264724323372,-1.515783424979524,-0.8580640794936881,0.12493165583940233,-1.0987972149572356,-1.6325116659989423
44,3505,53,2729.389301911995,1.0520685344360616,-0.6744109272506593,1.2405588090964768,1.1670437668623848,-0.33245372526234523,0.4496014388117547,0.15797762173098692,0.045592781487855547,1.0656043502924986,0.40466484905643485,-0.1911203270674524,-0.35252900877675375,0.3363777945293655,-1.0987972149572356,-1.6325116659989423
67,3680,55,3260.475653239477,1.1862343630205132,-0.6744109272506593,1.1433976822468344,0.8188888569780044,-0.6573842538354956,-0.2291946039516519,0.4565508868862346,0.5551832097645348,0.25767565625110594,1.244558309119232,-0.3835201634208818,-0.9712349854807305,-0.7603399619273846,-1.0987972149572356,-1.6325116659989423
54,2703,49,4556.651814783072,0.5006033498546346,-0.2637884142137955,1.3161776570461388,0.9812197988315344,-1.2996267317241952,-0.6142542984789047,-0.007652219826546156,1.7988961457720525,1.3645882269351624,0.5014836937996878,-0.28448920152158647,0.2874915341308929,0.4281299637334103,-1.0987972149572356,-1.6325116659989423
85,4360,47,3260.475653239477,0.10337309901163497,1.0296888476949617,0.7001865358900139,1.6786500776951616,-0.9504488650286549,0.4496014388117547,1.6374863249391083,0.5551832097645348,0.25767565625110594,0.9490194931800552,-0.488944521318963,-0.9199828281061185,-0.3456694310072859,-1.0987972149572356,-1.6325116659989423
51,3579,35,3585.045215850244,0.9123186057535861,-0.053119072030679164,1.6808014963236437,1.9689604177853832,-1.9234648853065524,-0.6142542984789047,0.720306207993199,0.8666156952783766,1.0656043502924986,2.0036683228955776,-1.7339083692537995,-1.1622575725282904,-0.8667252940014962,-1.0987972149572356,-1.6325116659989423
37,4128,40,2729.389301911995,1.1064524621969356,-0.9727316677869278,1.3275113138577812,1.012526450223129,-0.605172252396927,0.05539420530459672,1.3542640371372086,0.045592781487855547,-0.4912534379026085,1.7703640987717493,-1.3233835886260938,-0.8178229155133958,-0.15192637362707953,-1.0987972149572356,-1.6325116659989423
52,2930,77,2951.2439766727193,0.8563696740797478,-0.41769469988544683,1.4577302586726892,0.9877799560609118,-1.0984595018104282,0.4180956600883188,1.4415991469202742,0.25846780349494175,0.01703484187169807,0.5973594417391935,0.47121122188858366,-0.806197279148967,0.4657397810257668,-1.0987972149572356,-1.6325116659989423
96,4400,97,4463.535557347664,1.386984122473411,2.1734851596189424,1.25434939990761,-1.3559697713457746,1.4633967085260515,0.4496014388117547,0.23641393781517428,1.7095488044453089,0.8746535950171559,-0.1981197138629203,1.3766836801623437,1.156606757571247,-1.8121871023693927,1.8150779933081982,0.6125530498969481
63,3526,44,3585.045215850244,0.9740431269899129,0.4756588429698257,1.651339737366003,1.4209512204558519,-1.474427527654091,1.3792330121720673,2.0745864664167515,0.8666156952783766,0.6902976719925955,-0.6241261617099947,-0.8534518760234878,0.4886168372633586,0.6128545482168315,-1.0987972149572356,-1.6325116659989423
61,3660,54,3027.1136463166717,1.4821553843456563,0.07620224590010687,1.5560078373793786,1.063076127555853,0.16732222950470962,0.25701902020397893,0.4981180852211085,0.33126661926272183,0.4259346495311623,1.3783101875984967,-0.601645107695158,-0.1281785155941174,0.2248255985948487,0.3581403891754813,-1.6325116659989423
100,7270,93,4371.376736751873,1.778699307375282,2.328985093693537,1.3888530006318354,0.2927461441126657,1.4938217847884745,-0.2291946039516519,0.5172584530950752,1.6211201473361683,1.2632379969775114,-2.206272367312898,1.0718935453228027,2.198824543357604,-2.2093032311272927,1.8150779933081982,0.6125530498969481
59,4560,66,4189.931720186165,1.477813966061149,0.07620224590010687,1.636371632461944,1.821964385693793,0.21186330651465693,-1.0385747644227592,-0.5948985251698033,1.4470191871641125,0.9692990979140862,-1.7100169908089125,-0.9955858819980911,1.1353986175686341,-0.023863720517422086,0.3581403891754813,-1.6325116659989423
58,4100,72,4100.645683375967,0.0813809218548445,0.19803987368047105,0.09839529272593896,-0.40348826758308165,0.5028730839628116,0.4496014388117547,-0.18659120673062196,1.3613470368188663,1.2632379969775114,-0.17218743851993448,-0.1911203270674524,0.18932604159263555,0.6651432139312449,0.3581403891754813,0.6125530498969481
83,4500,63,3027.1136463166717,0.8349551115263918,1.3022664532279355,0.38456102299753386,-0.5387571005957346,1.350694182124423,0.6339700077405097,0.8415717373961816,0.33126661926272183,0.3410143789166372,0.2822630870249347,-0.1911203270674524,0.6972660152166275,-0.32729000471534775,1.8150779933081982,0.6125530498969481
40,5558,63,3420.8435619247275,1.5738478708243755,-0.9727316677869278,1.363903285024892,1.382495865494832,0.10053892028055368,-0.2291946039516519,0.07669669114387034,0.7090601660532498,0.6005650532112241,0.6686666659070798,-1.515783424979524,0.21634640346214432,0.3868314449009667,0.3581403891754813,-1.6325116659989423
72,3285,100,2729.389301911995,1.160711457860908,1.1106782881401172,0.4235151780581282,0.36704908313466555,1.0204503919613213,1.0360807080301793,-0.14048620591693609,0.045592781487855547,0.6005650532112241,-0.5696679334896119,0.7990089285165864,0.8430153646735001,-1.9429001090978628,0.3581403891754813,0.6125530498969481
75,6582,80,4189.931720186165,1.4950353859355887,1.4803479884652577,0.9282748871699776,0.16704809671101345,1.6378403162054327,-0.2291946039516519,-0.6356698513100282,1.4470191871641125,1.572409762644023,-2.3461430732055244,0.2788113855351543,2.2137884401032633,-0.8144503885205852,1.8150779933081982,0.6125530498969481
70,5940,66,4189.931720186165,0.8107329236340322,0.8591123720558882,0.6588879764870719,-0.2717006389429036,0.8383174900896683,0.6339700077405097,0.8650740304061989,1.4470191871641125,1.2632379969775114,0.4289597985788314,-0.601645107695158,0.6141530866237902,-0.35172321528957534,0.3581403891754813,0.6125530498969481
48,6452,62,3585.045215850244,0.3318634109292238,-0.053119072030679164,0.7916764328730291,0.3147530959025511,0.7603004064397545,1.3023649764046783,1.5045850058589698,0.8666156952783766,0.3410143789166372,-0.06921364143108587,-1.3233835886260938,0.4490028329006464,-0.004174865162930047,0.3581403891754813,0.6125530498969481
43,1920,43,2179.9929444466234,-1.732264452530006,-0.1910995085854955,-0.5263297844880812,0.2169487970705791,-2.119539384004626,0.4496014388117547,0.8415717373961816,-0.481566548430211,-0.35347352257287784,2.211956120304136,-2.6480466865381658,-2.539275456513029,1.6021336647549942,-1.0987972149572356,-1.6325116659989423
60,5986,92,3340.1803447267753,0.9227105251409015,0.3133361961439693,0.6531345000104182,0.24398810214401248,0.39946318106852363,0.7526774067369608,-0.8317407990918487,0.6316618234008086,0.09569733284866454,0.0578612934555406,1.1929497028195202,0.20894667433666103,-0.6047876594014111,0.3581403891754813,0.6125530498969481
24,3066,48,1867.8210365112095,-0.6166530934911117,-0.7684736752694478,0.0012814674849651998,0.969481038526664,-1.2389903799716606,-0.2291946039516519,0.4565508868862346,-0.7811031790800594,-1.2494530951634284,0.23285911133526874,-2.6480466865381658,-1.553254566988776,-0.5887409247304091,-1.0987972149572356,-1.6325116659989423
66,3522,63,3420.8435619247275,1.3862225885733104,0.3687770077049723,1.6079494638007927,1.694698737128009,-0.5038802371615053,-0.2661512550778775,1.904610687203406,0.7090601660532498,0.5124477851823425,0.7394742565334033,-0.10280094841912382,-0.05395620976919257,0.06090953249709589,-1.0987972149572356,-1.6325116659989423
63,3776,47,3420.8435619247275,1.37481999235465,0.3133361961439693,1.7137086933008105,2.618573670368786,-0.908968206652819,-0.2291946039516519,1.251698039480713,0.7090601660532498,0.6005650532112241,0.7629678942848166,-1.515783424979524,0.6573253129759256,-0.8895546762860943,-1.0987972149572356,-1.6325116659989423
71,6482,68,3924.9469571113714,1.767854571084846,1.0705183742130722,1.6424987076184059,0.9781739521328112,1.5311313223741758,0.4496014388117547,1.281186624907993,1.1927597836517578,1.0656043502924986,-0.6514933665420364,-0.9955858819980911,1.5330591112214935,-0.35386999605141894,1.8150779933081982,0.6125530498969481
34,4380,36,1928.3344679735446,-0.13199582138031538,-1.204141438433242,0.6631732964793526,0.45277792208088735,-0.7995128887962804,0.05539420530459672,1.909852738774827,-0.7230390518843525,0.5124477851823425,1.3116354267818913,-4.9125732096554495,-1.3221782583180375,0.9349113863279164,-1.0987972149572356,-1.6325116659989423
25,3192,38,1524.9197517524358,0.3603184336402377,-1.4730544512765091,0.7865048678091748,1.5303638653428284,-1.5534529351748265,-0.2291946039516519,0.34916560028732013,-1.1101254032815964,-1.094880026424442,1.8769734548205472,0.13667737956055104,-2.3268517349235713,1.018082353843329,-1.0987972149572356,-1.6325116659989423
50,2470,45,2951.2439766727193,0.5239804045600815,-0.2637884142137955,1.393158400547486,0.9565244377437802,-1.6847754130645565,-0.2291946039516519,-1.7565250579131293,0.25846780349494175,1.572409762644023,1.15448099537168,0.2788113855351543,-1.0178988938271865,-0.20226434247010575,-1.0987972149572356,-1.6325116659989423
53,4037,89,3103.942211573207,0.22698261829985159,0.13799295441079093,0.7502501260579818,0.7105180798928982,0.42875654929857054,-0.2291946039516519,-0.8317407990918487,0.404985518976676,-0.1356944211524122,-0.018169123018266124,-0.601645107695158,0.03985726900063871,0.8947470631232055,0.3581403891754813,0.6125530498969481
77,4050,62,2729.389301911995,-1.4458764097900003,1.0705183742130722,-0.6840931775471963,0.121328324574784,-0.3678919688749011,-0.2291946039516519,0.22714497068725537,0.045592781487855547,-0.4912534379026085,-0.32895477682173246,-0.1911203270674524,-0.4124784087609705,0.011804662546300276,-1.0987972149572356,0.6125530498969481
53,3262,53,3585.045215850244,1.3619022597432777,0.19803987368047105,1.7552648907740966,1.5971181409728108,-1.2520426511540852,1.3023649764046783,2.159634553197495,0.8666156952783766,0.8746535950171559,0.6449537276656453,0.20928980457225407,0.05981717941084221,-0.19096191888104355,-1.0987972149572356,-1.6325116659989423
43,2780,29,2586.2824466747024,0.650090242613557,-0.3392340437249904,1.5136249955237917,2.3882247864206927,-1.7825765665070614,-0.2291946039516519,1.8353918523644666,-0.09172176908837011,-0.6232192944825511,1.6627857007207905,-2.2835393318336408,-1.799319468626385,0.2245942779771011,-1.0987972149572356,-1.6325116659989423
85,3309,65,4012.3174017613046,1.9186717253458234,1.1890885687490678,2.142021542193384,1.9777529181559235,-1.4912463226655415,0.7526774067369608,2.0493189898022854,1.2765938761615636,1.572409762644023,1.3783101875984967,-0.8534518760234878,-0.1906839947329168,-0.6670774161687403,-1.0987972149572356,-1.6325116659989423
46,5376,50,4280.175431313631,0.8716551579601612,-0.4994689411839057,1.4020607143123585,2.019430377794626,-1.9234648853065524,-0.5981523356384146,-0.007652219826546156,1.5336102495926123,1.6789026453905742,2.5583299939044775,-2.6480466865381658,-2.098609153625088,-0.080321174839006,-1.0987972149572356,-1.6325116659989423
22,3860,57,125.24680402200882,-0.48115097202064905,-1.9916231295773121,-0.5213322032234614,-1.224097127110629,0.6089823530815689,3.512099677367599,-1.09776212520345,-2.4531460534986365,-1.392393977623881,-1.806068754671089,-1.1512760702749985,0.7796686482836065,-0.1641740441525978,0.3581403891754813,0.6125530498969481
66,5326,65,3668.583476425201,0.39044566200381503,0.675328745331237,0.3586443419649727,-0.07522454097749387,1.3672277109105084,0.7291929884175525,-0.05807801670378765,0.9467727128282987,1.0656043502924986,-0.7065095991630403,-0.488944521318963,1.123269257004003,0.44344862635541926,1.8150779933081982,0.6125530498969481
83,4080,82,3838.5344321060197,-0.10271960516114564,1.1106782881401172,-0.5374191334014481,-1.4654695858923672,1.185764864906594,-0.6142542984789047,-0.8068585571916942,1.109844838622803,0.9692990979140862,-0.9589736432806009,1.5729406861767377,1.706246032387805,-0.5334059477945123,1.8150779933081982,0.6125530498969481
68,4160,47,4280.175431313631,0.05663802551392779,0.9029060992795955,0.44990550827206816,0.15962811472572122,0.43741250359800693,3.1807271541080584,1.4140785994091618,1.5336102495926123,1.2632379969775114,-0.6241261617099947,-0.9955858819980911,0.7988043253147776,1.105610252154537,0.3581403891754813,0.6125530498969481
53,3975,37,3838.5344321060197,1.0359734637802442,0.19803987368047105,1.673572655093397,2.382351216705924,-0.8773794311609284,1.828453052055803,2.015924126782693,1.109844838622803,0.9692990979140862,-0.27638263533977875,-1.1512760702749985,0.24802714923234936,0.9150765495999008,-1.0987972149572356,-1.6325116659989423
51,4928,79,3668.583476425201,1.382950430650802,-0.41769469988544683,1.2223356593610513,1.0940859297641898,1.2173431840931406,-0.2291946039516519,-0.4017265651497331,0.9467727128282987,0.6902976719925955,-1.0739217798372556,-0.9955858819980911,0.9577060506819695,0.25236127462798846,1.8150779933081982,-1.6325116659989423
95,3792,95,3924.9469571113714,1.9758035359005226,2.0370399630211056,1.532519969472921,-0.647942326349343,0.5412098077298565,-0.2291946039516519,-0.38127720177114266,1.1927597836517578,0.8746535950171559,-1.1906916694765612,0.20928980457225407,1.1071671701039127,-2.770041975669376,0.3581403891754813,-1.6325116659989423
81,4218,65,4463.535557347664,1.8015159477585472,0.8591123720558882,1.9157010921330964,1.8756771189773522,-0.4676698588996491,1.0797775867330288,1.243770964974811,1.7095488044453089,1.0656043502924986,-1.3393806834015403,-0.9955858819980911,1.481410660366485,-1.3325972822266665,-1.0987972149572356,-1.6325116659989423
57,3994,53,3340.1803447267753,-0.031710687394048226,-0.2637884142137955,0.6721375628293512,1.3890267713349818,-1.1071315738160603,0.0622704818280118,0.2927436015966603,0.6316618234008086,0.4259346495311623,2.1705775472374214,-0.7227012651918747,0.022119452025352874,0.3941952646414049,-1.0987972149572356,-1.6325116659989423
32,2592,65,2951.2439766727193,0.4386268984316062,-1.3330274833513371,1.0693830322132585,0.3500261225173064,-0.9273407935340333,-1.2589193954083842,0.7817410839369675,0.25846780349494175,-0.28237352323745246,1.6627857007207905,-0.1911203270674524,-0.8447241080128095,0.07664439604101742,-1.0987972149572356,-1.6325116659989423
53,2780,36,2729.389301911995,-0.5474611200147486,-0.7684736752694478,-0.27067181005943686,0.1353539347196102,-0.8211239634243725,0.12366360001576755,1.0231952294513165,0.045592781487855547,-0.060091883356808096,0.33141144399481504,-0.3835201634208818,-0.7317884572654582,1.7214721572963374,-1.0987972149572356,-1.6325116659989423
38,2500,67,3924.9469571113714,0.908758822161047,-0.9727316677869278,1.2672624946541435,1.0384301817853028,-0.8473677622787216,-2.048308048513365,-0.007652219826546156,1.1927597836517578,1.1635803366973685,2.1082507547381426,-0.28448920152158647,-1.2193554714348438,0.6686625516196788,-1.0987972149572356,-1.6325116659989423
50,2800,46,3181.7295782263,0.3717417650464055,-0.4994689411839057,0.6872176697671146,0.9353494207732553,-0.8634700462138201,-0.41730816701513446,-0.007652219826546156,0.47962441223420943,0.6005650532112241,1.9193527444940255,-3.780309948096807,-0.9907257152740687,0.39433300612050926,-1.0987972149572356,-1.6325116659989423
80,4290,72,4189.931720186165,1.9266943452377912,0.675328745331237,2.0126710427422414,1.2985527019115968,-0.2178972462594528,0.02084550283626946,0.5186194658227137,1.4470191871641125,1.2632379969775114,-0.6241261617099947,0.060686441260878146,0.6544449876927686,-0.09037303316776381,0.3581403891754813,-1.6325116659989423
37,2964,38,3027.1136463166717,1.0608181148707045,-0.9727316677869278,1.5496171257670974,2.2809320615482616,-0.3023089729644441,0.25701902020397893,1.044924639322028,0.33126661926272183,0.4259346495311623,0.5014836937996878,-1.3233835886260938,-0.10352393028671031,-0.17497214808891226,-1.0987972149572356,-1.6325116659989423
46,3422,45,4012.3174017613046,0.2143440766486761,-0.053119072030679164,1.2408597144238787,1.0076373263739005,-1.1716792315197044,0.4496014388117547,0.4565508868862346,1.2765938761615636,1.0656043502924986,0.30686892312721825,-0.601645107695158,0.09933151396382894,0.001621560745622452,-1.0987972149572356,-1.6325116659989423
35,3060,78,2311.5834229273605,-0.8607730933120697,-1.204141438433242,-0.23575518307474377,0.8281494005815507,-0.2874658280935898,-0.2291946039516519,-0.38127720177114266,-0.3553022448597683,-0.4912534379026085,0.8564097284492161,-0.019012808716357025,-2.678490850055042,-0.44336049699435315,0.3581403891754813,0.6125530498969481
77,5160,79,3260.475653239477,-0.133349905659203,1.0296888476949617,-0.5353931174319216,-1.6300098433684194,1.0990167288974395,-0.2291946039516519,-0.8317407990918487,0.5551832097645348,0.25767565625110594,-0.5968513856813783,1.1535860970634626,0.8606032100591819,-0.09214877903067184,0.3581403891754813,0.6125530498969481
47,4202,68,741.4408411839822,-1.5931551764561338,-0.1910995085854955,-1.116180058623066,0.49363718366196857,-0.08460505394541408,-0.6142542984789047,-0.9606431574678065,-1.8618927054997134,-0.8700943318940553,-0.9021518863751777,-0.3835201634208818,-0.4414034058246721,0.36101334232503157,0.3581403891754813,0.6125530498969481
27,2570,40,741.4408411839822,-1.4627613637733392,-1.9916231295773121,-0.8542553846578108,-0.3544784434962249,-1.8419880078940958,0.4496014388117547,1.066451766681205,-1.8618927054997134,-2.0259049331637793,0.25759334859915606,0.4095619963667674,-1.6068609646884822,1.2778442828491725,-1.0987972149572356,-1.6325116659989423
81,3260,95,3668.583476425201,0.23501031944848377,1.2273850455284772,0.29832679592259204,-0.32673037966355223,0.44877394394675324,-0.2291946039516519,-0.8317407990918487,0.9467727128282987,0.6005650532112241,0.0830645638304953,0.2788113855351543,0.35334785739198354,0.5806536811276278,0.3581403891754813,0.6125530498969481
92,6525,83,4189.931720186165,1.3968170167978533,1.9518471386888567,0.9946027435805039,-0.7802129707146088,1.6421621456787274,0.6339700077405097,-0.4812193412505834,1.4470191871641125,1.467641878959388,-2.381681492310293,0.47121122188858366,2.0861168572270614,-0.9859997880418867,1.8150779933081982,0.6125530498969481
87,5950,90,3924.9469571113714,0.7200916930302226,1.3749937779595973,0.15687295091839162,-0.8658275684892794,1.8210343410506775,0.4496014388117547,-0.8317407990918487,1.1927597836517578,1.467641878959388,-1.1320725358242631,1.113250452842285,1.5416579658826555,-1.4842286841783032,1.8150779933081982,0.6125530498969481
68,6507,96,3838.5344321060197,1.3933734063821772,0.3687770077049723,1.1106037519552245,0.9052889887185016,1.294211823673829,-1.0385747644227592,-2.7257704669587155,1.109844838622803,0.6902976719925955,-0.12055104982347017,0.34549454598816776,0.5370655983636956,-0.18183760382152905,1.8150779933081982,0.6125530498969481
45,4182,45,3181.7295782263,1.0133034099656375,-0.41769469988544683,1.4665363183824869,1.9578089847886826,0.07245465519769034,-0.2291946039516519,2.372329187636396,0.47962441223420943,0.4259346495311623,-1.4301380535654649,-0.8534518760234878,0.6904502486773816,-0.28782929620752595,0.3581403891754813,-1.6325116659989423
30,4845,31,1808.268317430297,0.5688657540509326,-2.8396721073260265,0.47173275211865917,0.0015842584992135963,-1.3170076473510204,-0.2291946039516519,-1.4016057556008417,-0.8382454790951654,-1.199238322126377,0.525539763472362,-0.8534518760234878,-1.1190174526595595,0.4590971554204258,-1.0987972149572356,-1.6325116659989423
53,3176,73,3502.4652151653872,1.9689043682904888,0.3133361961439693,1.857344739688065,0.37818378023368454,0.08316552390396748,1.250372073686777,1.2713984993834921,0.7873781516832565,0.6005650532112241,-0.018169123018266124,0.060686441260878146,0.15675426038243354,-0.007242216488166713,0.3581403891754813,-1.6325116659989423
59,3494,30,1265.6082205539653,0.12733992409959333,-0.3392340437249904,-0.3801255926071589,-0.9410669533097701,-0.7106961436996135,-0.2291946039516519,0.7974478324026839,-1.3589412011461273,-0.9851988400469104,-0.043655143285563025,-1.3233835886260938,-0.6114183461849985,0.848627709142034,-1.0987972149572356,0.6125530498969481
49,5100,68,2378.8185817845842,-0.08650841345958854,-0.2637884142137955,-0.5364055790483299,0.1353539347196102,0.2392094638614887,-0.2291946039516519,-1.5715860927236946,-0.29078845475452025,-0.060091883356808096,0.4531942340637835,-0.488944521318963,-0.20219548150329786,-0.9161520758112968,0.3581403891754813,0.6125530498969481
43,3365,73,1265.6082205539653,-0.8852440552385367,-0.4994689411839057,-0.6618751130817574,0.08748542507226617,-0.2060701637644889,-0.2291946039516519,1.3151251116465734,-1.3589412011461273,-1.094880026424442,-0.845749676894635,0.7487430981377603,-0.1181412884211345,0.3652187791564728,0.3581403891754813,0.6125530498969481
30,2522,58,2729.389301911995,-0.08972687212285937,-1.204141438433242,-1.1089284646476167,-1.5531623993304815,-1.770494326534891,-0.2291946039516519,-0.007652219826546156,0.045592781487855547,-1.973085139428777,2.0665245144363427,-2.6480466865381658,-1.0481552950829927,-0.4097585460204871,-1.0987972149572356,0.6125530498969481
76,4195,72,2951.2439766727193,-0.6740574920542753,0.9029060992795955,-0.9455279390334206,-2.1706909080364514,0.6964519249248114,-0.2291946039516519,-1.2902578816066317,0.25846780349494175,0.25767565625110594,-1.0739217798372556,1.662881415422127,1.2881176774761525,0.21646459323433037,0.3581403891754813,0.6125530498969481
44,5800,75,2179.9929444466234,-0.12190581744916507,-1.204141438433242,-0.3581493036409578,-0.6332185184089393,0.817596785733177,0.3543858842006884,0.720306207993199,-0.481566548430211,-0.28237352323745246,-0.17218743851993448,0.2788113855351543,0.17424382051511048,-0.20488372124707263,0.3581403891754813,0.6125530498969481
88,4360,89,4371.376736751873,1.1265162870857697,2.0648660712522746,0.6097476541377521,-0.410308297691809,0.8896850314583712,-0.2291946039516519,0.07669669114387034,1.6211201473361683,1.3645882269351624,-2.9472725298534233,1.0294623131395182,2.806094117192581,-2.2065793054674847,0.3581403891754813,0.6125530498969481
92,4180,68,859.4781111127844,-0.37032071870932765,0.19803987368047105,-0.8770261731594888,0.2492770523065022,-0.3343981078496482,-0.2291946039516519,0.3855304303319002,-1.7486330391850395,-1.4375163915219222,-0.6789541283407586,0.8477740600370556,-1.116203712094301,0.4631723375884443,-1.0987972149572356,0.6125530498969481
49,3052,63,2052.2429896634862,-1.2773003039173507,0.07620224590010687,-1.6553604031105282,-2.028489116527091,0.017945366784329685,-1.0385747644227592,-0.18659120673062196,-0.6041457749675595,-0.4912534379026085,-0.6514933665420364,0.060686441260878146,0.289060533674096,-0.2728367873775092,0.3581403891754813,0.6125530498969481
66,3610,67,2115.6378454067035,-0.2551827892680843,0.5776799288914052,-0.38269581643477113,-0.694309287317495,0.403136443583273,-1.0385747644227592,-0.7100928488101287,-0.5433168502400174,0.7816568116943878,-0.3818525909118415,1.0294623131395182,-0.22650931344779182,0.8539171859295822,0.3581403891754813,0.6125530498969481
64,4005,86,4012.3174017613046,-0.19944845593648997,0.9459121453121655,-0.5693932963808912,-0.486589626283788,1.3562120356262088,-2.048308048513365,-1.7565250579131293,1.2765938761615636,0.7816568116943878,-0.4618260387652622,1.1535860970634626,0.46963651802866163,0.6529125516675338,1.8150779933081982,0.6125530498969481
93,4619,90,3181.7295782263,0.6592714150985823,1.8639323064397797,-0.16374747487930594,-2.3777403148239418,0.8692117031856893,0.9249045664240839,-0.15881325414349018,0.47962441223420943,1.2632379969775114,-1.161322711796831,1.341553066130896,1.3910484985716733,-2.83185832599375,0.3581403891754813,0.6125530498969481
60,5318,65,3027.1136463166717,-0.27244787384539626,0.42285937607467217,-0.9136760230522226,-1.1393532694354782,1.171615468195069,-0.2291946039516519,-2.7257704669587155,0.33126661926272183,0.3410143789166372,-0.7065095991630403,1.0294623131395182,0.6177465429589031,0.21922855267541644,1.8150779933081982,0.6125530498969481
70,4210,56,3420.8435619247275,1.2494551882987504,0.42285937607467217,1.6991649715646078,0.9337385409812281,-0.4673816430927015,1.5536080298286021,1.732065249482434,0.7090601660532498,0.4259346495311623,0.7394742565334033,0.696881263144984,0.6349582592619688,0.9923577618109509,-1.0987972149572356,-1.6325116659989423
93,5775,90,4012.3174017613046,1.3819661029539967,1.679056928777311,0.8963345409521909,0.8952002662772107,1.7252307691704047,1.3944488437572213,0.473269338628995,1.2765938761615636,1.467641878959388,-3.110542546594538,0.7487430981377603,2.9027458659509953,-0.40702200383266596,1.8150779933081982,0.6125530498969481
21,2660,52,1749.6764327700098,-0.15114439556330866,-1.7978331880954055,0.3900524541354916,0.21832501485130879,-2.6503845997201463,0.05539420530459672,0.6699416162275255,-0.8944658348300512,-0.9283307329438812,1.5104862816404492,0.643318740239679,-1.9139168347262467,1.7214721572963374,-1.0987972149572356,-1.6325116659989423
30,3620,63,1579.6670366204157,-0.2876320680709102,-0.9727316677869278,-0.3956567104521617,-0.9912281496306625,-0.2874658280935898,-0.2291946039516519,-0.007652219826546156,-1.057594035693021,-1.4375163915219222,0.5734771377015533,0.47121122188858366,-0.6981290896887352,0.5096348935403838,0.3581403891754813,0.6125530498969481
27,2900,90,1366.4473002878658,-1.7511134598254094,-1.9916231295773121,-2.1672111819212145,-0.6681269626758217,-1.3158953635086674,0.7526774067369608,1.0144459357051396,-1.2621836217050806,-1.199238322126377,0.30686892312721825,-2.2835393318336408,-1.692282304541443,-1.6067931579013224,-1.0987972149572356,0.6125530498969481
44,4340,48,2245.308173989908,-0.8577588426987685,-0.4994689411839057,-0.06550616831730077,1.0374853744153674,-0.20070658045054005,-0.2291946039516519,-1.7565250579131293,-0.4188949777661247,-0.9283307329438812,1.5760036933158947,-0.488944521318963,-0.5284644765237004,-0.3550176129230242,0.3581403891754813,0.6125530498969481
96,5995,91,4280.175431313631,0.5380730738684758,2.1999983407607893,0.1709738900116242,-0.4675980676605612,1.7243817950358509,-0.2291946039516519,-1.09776212520345,1.5336102495926123,1.467641878959388,-0.8738990280930917,1.5418252579254095,1.9204222709752181,-2.1460843356963566,1.8150779933081982,0.6125530498969481
85,5550,69,4189.931720186165,-1.6161258492289083,0.8591123720558882,-1.8150655120615597,-1.5775499650882299,1.0990167288974395,0.4496014388117547,-1.7565250579131293,1.4470191871641125,1.467641878959388,-1.5530655010797432,1.231387019584252,1.1564636511325217,0.052984931388132164,0.3581403891754813,0.6125530498969481
25,6050,64,48.79932108612089,-0.08010658099120235,-1.7978331880954055,0.45777309535354427,0.3419456575150521,-0.02018967835263675,1.7915241613760515,-0.550473254176688,-2.526499295344521,-0.9283307329438812,0.38030884250552255,-1.3233835886260938,1.619314106259667,0.6965319014226847,0.3581403891754813,0.6125530498969481
25,4674,84,1315.5467437618947,-0.47517552477685787,-1.204141438433242,-0.8416717726840224,0.18166184939151506,-0.009983238659060829,-0.2291946039516519,0.23641393781517428,-1.3110239587515067,-1.481398373568703,0.1332649014169342,-0.3835201634208818,-0.8501481690884646,0.5206590195920723,0.3581403891754813,0.6125530498969481
86,5600,92,3924.9469571113714,0.9793288829315389,1.6144757210802636,0.3762501112999523,-1.4079726500278762,1.8558520901092599,3.8219628040698495,0.31220519615957604,1.1927597836517578,1.0656043502924986,-0.4618260387652622,1.113250452842285,1.4518937216808274,-2.268389769678396,1.8150779933081982,0.6125530498969481
51,4108,52,2802.3817071667036,1.244516713210702,-1.0845174670653988,1.2357243624571133,1.1897353146770404,-0.5714816336528199,-1.0385747644227592,1.066451766681205,0.11563079124223473,-0.20978440474634713,0.35589122750062535,-0.28448920152158647,-0.6044383805472404,-1.378373635352063,-1.0987972149572356,-1.6325116659989423
25,2890,60,531.4051649014377,-0.3088373105362801,-0.9727316677869278,0.14485515166935267,-0.2444604301992909,-1.7618946999433829,0.4496014388117547,0.009474619732120822,-2.063427107509237,-2.1983538567064675,0.5973594417391935,-0.9955858819980911,-2.169094149685326,1.1253948414583939,-1.0987972149572356,-1.6325116659989423
55,3775,67,1635.37566510348,-0.026894610601320302,0.2564541555541443,-0.21558960617665887,-0.4172001723840956,0.960586212766258,-0.6142542984789047,-0.18659120673062196,-1.0041402352396067,-0.060091883356808096,0.621184811174139,1.231387019584252,-0.10816158883636574,1.0004116104086083,0.3581403891754813,0.6125530498969481
31,2380,55,2179.9929444466234,0.6344668790813642,-1.0845174670653988,0.9166380559780783,0.48314881528904363,-1.032272349335928,-5.2909795308365135,0.6210434284801121,-0.481566548430211,-0.28237352323745246,0.18319470580243435,-1.1512760702749985,-0.7022476044658785,0.23399780159725136,-1.0987972149572356,-1.6325116659989423
50,5340,60,3420.8435619247275,-0.2756231718371484,0.42285937607467217,-0.5981516140813559,-0.7329188116093822,1.0224317911050393,-0.2291946039516519,0.31220519615957604,0.7090601660532498,0.7816568116943878,-0.3553625238528725,1.113250452842285,0.43763052628166343,0.473914488795679,0.3581403891754813,0.6125530498969481
53,4100,55,3103.942211573207,1.5320744308236707,0.012544204192919739,1.7548564728566332,1.8198841403271333,-0.8505821161095759,-0.2291946039516519,0.720306207993199,0.404985518976676,0.17590711389826053,2.437145473476329,-0.8534518760234878,-0.982801663533892,0.2551982299573491,-1.0987972149572356,-1.6325116659989423
21,5500,59,2657.356181551054,0.022136219463826493,-1.6267810138219474,-0.028009453844680027,0.800670817894818,-0.24545987162525776,-0.24393845730708985,1.1350640321609018,-0.023524770795469573,1.3645882269351624,0.38030884250552255,-0.3835201634208818,-0.002343635009224178,0.9835263152361439,0.3581403891754813,0.6125530498969481
24,3755,52,2802.3817071667036,0.47588899953200503,-1.6267810138219474,0.2233542720935883,-0.5061565996033315,-1.1965774389721355,-0.2291946039516519,1.1194097737132809,0.11563079124223473,-0.20978440474634713,1.3116354267818913,-2.2835393318336408,-1.87483098235194,-0.9949139666008482,-1.0987972149572356,-1.6325116659989423
71,4144,61,2729.389301911995,1.109239363336804,0.3687770077049723,1.3651309166625565,0.26103831822349455,-0.4893521933067248,0.6877886927823774,1.446154649064044,0.045592781487855547,0.6005650532112241,2.0246562536423705,-0.9955858819980911,-0.42589407067700696,-0.7122974423053594,-1.0987972149572356,-1.6325116659989423
20,3788,65,2729.389301911995,0.599430588114407,-2.4887995845903816,0.5387467147877405,0.680712606364767,-1.333739193520609,-0.2291946039516519,0.15797762173098692,0.045592781487855547,-0.20978440474634713,0.4531942340637835,0.060686441260878146,-2.19334665205313,-0.3631018333855022,-1.0987972149572356,-1.6325116659989423
43,4050,62,2115.6378454067035,-0.8622838786335921,-0.2637884142137955,-1.1799357327066184,-1.2508324265266675,0.1959444457720112,0.4496014388117547,0.6571749645449183,-0.5433168502400174,-0.8104772611976783,-0.3553625238528725,0.060686441260878146,-0.16034886977513937,0.6014569697444312,0.3581403891754813,0.6125530498969481
58,3615,80,1867.8210365112095,-0.4594309119739119,0.3133361961439693,-0.2882709563123119,-0.9022691057091234,0.5084675326989632,-0.778798320740619,-1.140668583645787,-0.7811031790800594,-0.28237352323745246,-0.3553625238528725,1.1929497028195202,0.055000124897344696,0.8336225290520114,0.3581403891754813,0.6125530498969481
60,4050,50,2245.308173989908,-0.5399686014731679,-0.1910995085854955,-0.7032080691227859,0.517862761029771,-0.2929563256461898,0.4496014388117547,1.0930821131393202,-0.4188949777661247,0.09569733284866454,-0.9021518863751777,0.8951255085680089,-0.4390088877802553,0.2601287191864829,0.3581403891754813,0.6125530498969481
72,5304,87,2876.3332980671166,-0.5054541115991723,0.9459121453121655,-0.399144241600918,-1.9191497251245844,0.9846306621540174,-0.3034345775074199,0.3270621246195531,0.18658916323670852,-0.35347352257287784,0.25759334859915606,-0.1911203270674524,0.12612656938276154,0.024478793358445206,0.3581403891754813,-1.6325116659989423
84,4200,85,3181.7295782263,-0.11126875844418854,1.4803479884652577,0.17322549729631329,-1.0365500942946195,0.37550535122871215,-0.013985659609939928,0.31220519615957604,0.47962441223420943,0.09569733284866454,-0.3026284436876273,1.1535860970634626,0.8306806420581826,-0.7106329867864442,0.3581403891754813,0.6125530498969481
55,5970,71,4100.645683375967,0.07070951135356306,-0.1910995085854955,-0.3490094388131012,-1.3559697713457746,1.7438698760769915,1.0360807080301793,-0.7100928488101287,1.3613470368188663,1.2632379969775114,-0.17218743851993448,1.1929497028195202,2.0117510161231538,0.2929121243143851,1.8150779933081982,0.6125530498969481
49,4545,72,2115.6378454067035,-0.5550157239465557,-0.6744109272506593,-0.712908877390994,-0.06284045653180402,0.1424118724317926,0.4496014388117547,-1.4016057556008417,-0.5433168502400174,-0.7494672137091747,0.0578612934555406,0.5306181538634841,-0.3141256324189978,0.6065889645180796,0.3581403891754813,0.6125530498969481
77,4900,72,3103.942211573207,0.1343526695747073,1.0705183742130722,-0.44941542364369746,-1.1393532694354782,1.43096131592973,1.3023649764046783,-0.8317407990918487,0.404985518976676,0.09569733284866454,-0.9021518863751777,1.5418252579254095,1.0464841311853101,-1.4329500816081144,1.8150779933081982,0.6125530498969481
63,5699,52,3420.8435619247275,0.03955777185066904,0.6270233788095004,-0.43567819961886056,-1.3559697713457746,1.354189599847541,-0.2291946039516519,1.0643080452469704,0.7090601660532498,0.8746535950171559,-0.06921364143108587,0.643318740239679,0.8053115233502973,-0.7550322887549397,1.8150779933081982,0.6125530498969481
70,4500,80,3103.942211573207,-0.3450479451380321,0.9881629366230471,-0.404400602071556,-0.45279577970094953,0.6394261943177687,0.913630836550878,1.4813871222605604,0.404985518976676,-0.1356944211524122,0.7394742565334033,0.060686441260878146,-0.02779684738002976,0.5382006634542115,0.3581403891754813,0.6125530498969481
64,5370,63,3753.0799103562254,0.2629600429408456,0.012544204192919739,0.16690519896417919,1.2884950889424895,0.5717126512542592,-0.2291946039516519,0.23641393781517428,1.0278491213014884,0.3410143789166372,-0.32895477682173246,-0.019012808716357025,0.3336478858396273,-0.33607074426148165,0.3581403891754813,0.6125530498969481
36,5130,67,2951.2439766727193,0.011284049748541459,-0.6744109272506593,-0.028009453844680027,0.3770778172558809,0.298527976331629,0.12366360001576755,0.09319079537847007,0.25846780349494175,0.8746535950171559,-0.14633148248231995,0.34549454598816776,0.03894435293751086,0.8873465809803923,0.3581403891754813,0.6125530498969481
80,4620,68,4012.3174017613046,0.026665510636091752,1.2273850455284772,-0.15639585241063214,-0.4564648167414976,1.0795063249243446,-1.0385747644227592,-0.8569127059325935,1.2765938761615636,1.0656043502924986,-0.14633148248231995,1.0294623131395182,0.6069399664301681,0.36347496864886336,0.3581403891754813,0.6125530498969481
67,2970,59,2657.356181551054,-0.8607730933120697,0.4756588429698257,-0.39652734657810157,-0.8801407632332473,0.03309415651257141,-0.2291946039516519,1.634127495732541,-0.023524770795469573,-0.1356944211524122,-0.7065095991630403,-0.019012808716357025,-0.17407282626408035,0.5313271909564313,0.3581403891754813,0.6125530498969481
39,4365,52,741.4408411839822,-1.2116366681447972,-0.4994689411839057,-0.8712846112880029,-0.6188310905150503,0.15097738811113046,0.12366360001576755,2.415134194648327,-1.8618927054997134,-1.0407110988557453,-0.2502164792374274,-0.28448920152158647,-0.3351092920324069,1.2283420964325373,0.3581403891754813,0.6125530498969481
96,5790,99,4280.175431313631,0.8651990102831763,2.2262660691867504,0.07185772335243855,-1.3727617016546403,1.9375903262235872,-0.2291946039516519,-0.007652219826546156,1.5336102495926123,1.572409762644023,-1.3393806834015403,1.9063326126299334,1.964120477023716,-3.0576838088176275,1.8150779933081982,0.6125530498969481
50,5084,67,2179.9929444466234,-2.312310926899183,-0.5849046607537621,-2.9551199105494304,0.45377706875136087,0.36347294163275595,-0.6142542984789047,-1.8555147904115392,-0.481566548430211,-0.4230962065588109,-1.5530655010797432,1.2689406411191924,0.4993904976493249,0.2143770628670464,0.3581403891754813,0.6125530498969481
34,3400,91,2311.5834229273605,-0.24898650530947172,-1.204141438433242,-0.46148860661455593,-0.4638657067274974,-0.5786103630272444,0.12366360001576755,0.5254123188243783,-0.3553022448597683,-0.060091883356808096,0.007245147886748601,-1.3233835886260938,-0.4018938516147492,0.5026591753607847,-1.0987972149572356,0.6125530498969481
45,2700,58,1366.4473002878658,0.6619525445131587,-0.2637884142137955,1.037346431769823,0.6278025423878265,-1.8801988340946807,-2.048308048513365,-0.007652219826546156,-1.2621836217050806,-1.3460179845367914,1.4885635747884411,-0.10280094841912382,-1.3666160743901539,-0.8930637307237067,-1.0987972149572356,-1.6325116659989423
61,3392,59,2447.013542674721,0.3373947588535724,0.012544204192919739,0.5826904389217379,0.44776209048702337,-1.0288789635676352,0.322174426381495,1.221831296486603,-0.2253537109704769,-0.1356944211524122,-0.27638263533977875,0.47121122188858366,-0.6236948310044769,0.211480153610513,-1.0987972149572356,-1.6325116659989423
41,3700,50,1121.5663249477461,-2.416801221609265,-0.4994689411839057,-2.3931913503392033,-1.5075173179698154,-0.21682050591119023,-0.2291946039516519,0.31220519615957604,-1.4971529459749755,-1.8227310098814986,-1.491320427014306,0.47121122188858366,0.16128556010863068,0.6474257244242533,0.3581403891754813,0.6125530498969481
68,4404,78,3260.475653239477,0.19130281898052964,0.9459121453121655,0.06777717653348483,-0.5141529033467143,1.298495799095605,-1.0385747644227592,-0.8317407990918487,0.5551832097645348,1.1635803366973685,-0.27638263533977875,0.643318740239679,0.527229690496521,0.8965350284607806,1.8150779933081982,0.6125530498969481
83,4150,75,4012.3174017613046,-0.06681246631738227,1.3022664532279355,-0.611218195855224,-1.2934851488090784,0.6437572307305874,0.4808793034589334,0.37105468912027983,1.2765938761615636,0.8746535950171559,0.35589122750062535,1.231387019584252,-0.17752060496306557,-0.8435501254277106,0.3581403891754813,0.6125530498969481
86,5370,82,4100.645683375967,0.4976756803184543,1.2273850455284772,0.4062962085515197,-0.8052989747267916,1.2865650797263204,-0.013985659609939928,-1.014444468273074,1.3613470368188663,1.0656043502924986,0.33141144399481504,0.8951255085680089,0.6058762532703789,0.6057779701630772,1.8150779933081982,0.6125530498969481
26,3900,40,1749.6764327700098,0.2875252564833771,-2.216819485276005,0.496824431853147,1.237428064289725,-0.8968839680785266,-0.2291946039516519,-0.007652219826546156,-0.8944658348300512,-1.3460179845367914,1.6627857007207905,-0.488944521318963,-1.9799723906934967,-0.39011844764319553,-1.0987972149572356,-1.6325116659989423
47,4960,83,2586.2824466747024,0.18191090548427993,0.012544204192919739,0.42187618694992735,0.7949301623211533,0.38473670860264636,0.4496014388117547,0.07669669114387034,-0.09172176908837011,-0.4912534379026085,-0.14633148248231995,0.7487430981377603,0.22480100330433048,1.1867333683591725,0.3581403891754813,0.6125530498969481
61,4200,49,2179.9929444466234,0.24472110475517228,0.5776799288914052,0.4032764610534908,-0.431205973875573,-0.8634700462138201,0.5550371331515299,-0.8798209511911039,-0.481566548430211,-0.4912534379026085,0.1332649014169342,0.060686441260878146,-0.029380542782094118,1.1310966105038294,-1.0987972149572356,0.6125530498969481
99,6510,99,4463.535557347664,1.6595786935250612,2.5709000589305027,0.9515919364341746,-0.8248132324389372,1.9717424155825214,0.6339700077405097,1.1864951440318414,1.7095488044453089,1.2632379969775114,-2.381681492310293,1.4777578075468099,2.7688087578850706,-3.5221084784548156,1.8150779933081982,0.6125530498969481
63,3560,99,2729.389301911995,0.566767772569134,0.2564541555541443,0.46617965341957046,1.116703446445653,-1.5466554499900282,-0.2291946039516519,0.07669669114387034,0.045592781487855547,-0.4912534379026085,1.0179463816947247,0.5879401964775927,-1.947123625853556,-0.8592576790660932,-1.0987972149572356,0.6125530498969481
